latitude,longitude,bright_ti4,scan,track,acq_date,acq_time,satellite,instrument,confidence,version,bright_ti5,frp,daynight
6.71136,81.53332,331.31,0.61,0.71,2026-09-08,718,N,VIIRS,n,2.0NRT,289.61,5.84,D
6.71596,81.53243,333.96,0.61,0.71,2026-09-08,718,N,VIIRS,n,2.0NRT,289.69,5.37,D
6.72456,81.28551,330.86,0.63,0.72,2026-09-08,718,N,VIIRS,n,2.0NRT,291.77,6.84,D
7.61222,80.93584,339.15,0.64,0.72,2026-09-08,718,N,VIIRS,n,2.0NRT,291.93,6.81,D
7.95023,80.10661,333.68,0.72,0.75,2026-09-08,718,N,VIIRS,n,2.0NRT,287.82,6.49,D
7.97608,80.05353,333.42,0.72,0.76,2026-09-08,718,N,VIIRS,n,2.0NRT,288.36,9.72,D
8.15005,81.13979,337.83,0.61,0.71,2026-09-08,718,N,VIIRS,n,2.0NRT,289.69,7.53,D
8.54175,80.52318,336.54,0.66,0.73,2026-09-08,718,N,VIIRS,n,2.0NRT,289.66,7.06,D
9.37813,80.43444,341.92,0.64,0.72,2026-09-08,718,N,VIIRS,n,2.0NRT,291.88,7.48,D
10.41876,79.25484,335.8,0.74,0.76,2026-09-08,718,N,VIIRS,n,2.0NRT,295.51,7.07,D
10.42313,79.25229,355.09,0.73,0.76,2026-09-08,718,N,VIIRS,n,2.0NRT,295.22,10.43,D
10.42577,79.25342,344.95,0.74,0.76,2026-09-08,718,N,VIIRS,n,2.0NRT,295.13,7.07,D
11.16977,79.58669,330.7,0.68,0.74,2026-09-08,718,N,VIIRS,n,2.0NRT,293.92,5.67,D
11.44852,79.55484,331.28,0.67,0.74,2026-09-08,720,N,VIIRS,n,2.0NRT,294.18,6.1,D
11.71798,79.20487,330.28,0.7,0.75,2026-09-08,720,N,VIIRS,n,2.0NRT,294.5,6.98,D
11.71861,79.20637,333.78,0.7,0.75,2026-09-08,720,N,VIIRS,n,2.0NRT,294.92,4.97,D
11.91456,78.91544,337.28,0.73,0.76,2026-09-08,720,N,VIIRS,n,2.0NRT,294.41,4.43,D
16.86624,79.28669,340.8,0.55,0.68,2026-09-08,720,N,VIIRS,n,2.0NRT,287.48,10.5,D
16.86987,79.28905,349.2,0.55,0.68,2026-09-08,720,N,VIIRS,n,2.0NRT,286.91,9.74,D
17.42077,82.34301,336.64,0.34,0.56,2026-09-08,720,N,VIIRS,n,2.0NRT,292.76,2.06,D
17.42123,82.3414,329.03,0.34,0.56,2026-09-08,720,N,VIIRS,n,2.0NRT,292.18,2.8,D
19.09924,82.16588,327.77,0.33,0.55,2026-09-08,720,N,VIIRS,n,2.0NRT,293.54,3.91,D
22.68995,92.1611,329.81,0.41,0.37,2026-09-08,722,N,VIIRS,n,2.0NRT,292.02,2.89,D
23.67418,86.0887,335.29,0.48,0.4,2026-09-08,722,N,VIIRS,n,2.0NRT,289.13,7.74,D
27.94888,95.25629,332.5,0.44,0.46,2026-09-08,722,N,VIIRS,n,2.0NRT,294.32,2.75,D
28.65772,77.57368,338.07,0.39,0.6,2026-09-08,724,N,VIIRS,n,2.0NRT,294.07,3.21,D
29.9065,74.94508,367,0.52,0.67,2026-09-08,724,N,VIIRS,h,2.0NRT,295.48,13.87,D
29.90792,74.9504,333.77,0.52,0.67,2026-09-08,724,N,VIIRS,n,2.0NRT,296.05,16.71,D
29.90838,74.94791,367,0.52,0.67,2026-09-08,724,N,VIIRS,h,2.0NRT,295.73,15.56,D
31.21099,75.96707,329.07,0.42,0.61,2026-09-08,724,N,VIIRS,n,2.0NRT,295.18,2.47,D
6.38879,81.01832,333.68,0.61,0.71,2026-09-08,858,N,VIIRS,n,2.0NRT,288.76,5,D
6.39152,81.01944,335.74,0.61,0.71,2026-09-08,858,N,VIIRS,n,2.0NRT,288.81,4.47,D
7.56449,81.01935,341.91,0.63,0.72,2026-09-08,858,N,VIIRS,n,2.0NRT,292.38,10.86,D
7.56569,81.05844,353.87,0.64,0.72,2026-09-08,858,N,VIIRS,n,2.0NRT,291.01,13.73,D
7.56799,81.02248,335.25,0.63,0.72,2026-09-08,858,N,VIIRS,n,2.0NRT,292.17,9.12,D
7.56993,81.06039,340.3,0.64,0.72,2026-09-08,858,N,VIIRS,n,2.0NRT,290.96,10.01,D
7.7091,80.68776,338.87,0.6,0.71,2026-09-08,858,N,VIIRS,n,2.0NRT,290.04,10.21,D
7.70964,80.69207,341.61,0.6,0.71,2026-09-08,858,N,VIIRS,n,2.0NRT,290.31,14.15,D
7.71078,80.68703,340.15,0.6,0.71,2026-09-08,858,N,VIIRS,n,2.0NRT,289.75,9.17,D
7.71136,80.69144,343.91,0.6,0.71,2026-09-08,858,N,VIIRS,n,2.0NRT,290.21,9.17,D
7.84198,79.8895,343.53,0.54,0.67,2026-09-08,858,N,VIIRS,n,2.0NRT,290.92,7.16,D
8.43047,80.35378,336.38,0.59,0.7,2026-09-08,858,N,VIIRS,n,2.0NRT,290.13,6.95,D
8.60429,77.96714,337.01,0.41,0.6,2026-09-08,858,N,VIIRS,n,2.0NRT,299.88,2.57,D
8.68277,80.80513,337.41,0.63,0.72,2026-09-08,858,N,VIIRS,n,2.0NRT,290.81,3.8,D
8.95051,80.46358,330.71,0.61,0.71,2026-09-08,858,N,VIIRS,n,2.0NRT,289.22,3.53,D
9.09733,77.4617,330.93,0.38,0.59,2026-09-08,858,N,VIIRS,n,2.0NRT,298.6,1.47,D
9.09777,77.45968,335.17,0.38,0.59,2026-09-08,858,N,VIIRS,n,2.0NRT,298.97,1.46,D
9.24284,77.45622,367,0.38,0.59,2026-09-08,858,N,VIIRS,h,2.0NRT,300.12,6.7,D
9.34336,77.66833,336.37,0.4,0.6,2026-09-08,858,N,VIIRS,n,2.0NRT,301.54,1.47,D
9.34557,78.82265,340.93,0.48,0.64,2026-09-08,858,N,VIIRS,n,2.0NRT,294.84,7.49,D
9.3474,77.66602,348.28,0.4,0.6,2026-09-08,858,N,VIIRS,n,2.0NRT,300.93,2.13,D
9.34892,77.66765,330.81,0.4,0.6,2026-09-08,858,N,VIIRS,n,2.0NRT,300.21,1.47,D
9.48111,78.22231,334.78,0.44,0.62,2026-09-08,858,N,VIIRS,n,2.0NRT,297.17,3.12,D
9.53493,78.64525,358.03,0.47,0.64,2026-09-08,858,N,VIIRS,n,2.0NRT,293.97,10.55,D
9.84427,77.43711,333.04,0.39,0.59,2026-09-08,858,N,VIIRS,n,2.0NRT,301.65,1.08,D
9.84432,77.43795,330.84,0.39,0.59,2026-09-08,858,N,VIIRS,l,2.0NRT,301.21,2.31,D
10.26803,77.25012,333.67,0.38,0.59,2026-09-08,858,N,VIIRS,n,2.0NRT,300.52,4.37,D
10.26851,77.25398,367,0.39,0.59,2026-09-08,858,N,VIIRS,h,2.0NRT,303.46,13.47,D
10.26912,77.25885,367,0.39,0.59,2026-09-08,858,N,VIIRS,h,2.0NRT,303.19,13.47,D
10.27382,77.25198,367,0.38,0.59,2026-09-08,858,N,VIIRS,h,2.0NRT,306.94,8.66,D
10.27434,77.2561,338.94,0.39,0.59,2026-09-08,858,N,VIIRS,n,2.0NRT,304.77,7.95,D
12.06157,77.02383,330.93,0.39,0.6,2026-09-08,900,N,VIIRS,n,2.0NRT,298.73,2.86,D
12.09969,77.06045,331.42,0.4,0.6,2026-09-08,900,N,VIIRS,l,2.0NRT,302.11,3.63,D
12.6018,76.3521,330.43,0.36,0.57,2026-09-08,900,N,VIIRS,n,2.0NRT,297.42,1.17,D
12.68629,79.22961,330.03,0.56,0.69,2026-09-08,900,N,VIIRS,n,2.0NRT,290.8,5,D
13.76837,76.63393,334.36,0.39,0.59,2026-09-08,900,N,VIIRS,n,2.0NRT,294.39,3.36,D
14.2825,76.63771,339.44,0.4,0.6,2026-09-08,900,N,VIIRS,n,2.0NRT,295.05,4.58,D
16.83965,76.57693,338.6,0.42,0.61,2026-09-08,902,N,VIIRS,n,2.0NRT,289.66,3.65,D
20.81934,71.06818,330.11,0.42,0.45,2026-09-08,902,N,VIIRS,n,2.0NRT,299.88,2.79,D
21.10201,72.65463,333.48,0.53,0.5,2026-09-08,902,N,VIIRS,n,2.0NRT,297.8,4.88,D
21.10262,72.63547,337.55,0.53,0.5,2026-09-08,902,N,VIIRS,n,2.0NRT,298.03,9.33,D
21.10373,72.64575,343.32,0.53,0.5,2026-09-08,902,N,VIIRS,n,2.0NRT,299.18,10.64,D
21.10607,72.6489,339.2,0.53,0.5,2026-09-08,902,N,VIIRS,n,2.0NRT,299.32,10.32,D
24.67546,68.22954,337.51,0.49,0.4,2026-09-08,905,N,VIIRS,n,2.0NRT,302.66,3.29,D
24.88822,68.00552,343.55,0.48,0.4,2026-09-08,905,N,VIIRS,n,2.0NRT,308.6,4.46,D
25.02114,68.23278,339.49,0.49,0.4,2026-09-08,905,N,VIIRS,n,2.0NRT,307.46,3.65,D
25.02487,68.23222,340.54,0.49,0.4,2026-09-08,905,N,VIIRS,n,2.0NRT,308.72,7.97,D
25.57998,68.63033,331.53,0.52,0.42,2026-09-08,905,N,VIIRS,l,2.0NRT,305.96,3.84,D
26.11402,68.94534,338.33,0.55,0.43,2026-09-08,905,N,VIIRS,n,2.0NRT,305.78,5.33,D
26.11474,68.94655,334.53,0.55,0.43,2026-09-08,905,N,VIIRS,l,2.0NRT,305.1,2.47,D
26.15266,68.60349,340.16,0.53,0.42,2026-09-08,905,N,VIIRS,l,2.0NRT,311.45,6.53,D
26.61547,68.16102,343.67,0.51,0.41,2026-09-08,905,N,VIIRS,n,2.0NRT,306.76,10.62,D
27.97179,68.9266,342.52,0.39,0.44,2026-09-08,905,N,VIIRS,n,2.0NRT,307.6,3.99,D
28.04094,69.6731,333.71,0.42,0.46,2026-09-08,905,N,VIIRS,l,2.0NRT,305.84,4.14,D
29.82304,72.84699,337.52,0.34,0.56,2026-09-08,905,N,VIIRS,n,2.0NRT,299.51,2.06,D
30.33233,71.97624,338.09,0.62,0.54,2026-09-08,905,N,VIIRS,n,2.0NRT,300.17,5.02,D
31.33438,72.16042,333.78,0.32,0.55,2026-09-08,905,N,VIIRS,n,2.0NRT,297.11,2.1,D
31.33746,72.16238,333.87,0.32,0.55,2026-09-08,905,N,VIIRS,n,2.0NRT,296.93,3.64,D
31.45633,72.13813,337.01,0.32,0.55,2026-09-08,905,N,VIIRS,n,2.0NRT,297.88,2.5,D
35.48441,74.07708,331.6,0.46,0.64,2026-09-08,905,N,VIIRS,l,2.0NRT,306.33,5.29,D
33.37469,70.30645,342.48,0.53,0.5,2026-09-08,907,N,VIIRS,n,2.0NRT,300.81,3.7,D
19.10295,82.16367,306.2,0.53,0.5,2026-09-08,1949,N,VIIRS,n,2.0NRT,273.54,1.37,N
19.96099,79.33219,300.58,0.42,0.61,2026-09-08,1949,N,VIIRS,n,2.0NRT,269.83,0.78,N
20.78671,85.26124,298.84,0.54,0.42,2026-09-08,1949,N,VIIRS,n,2.0NRT,272.8,2.18,N
20.79587,85.25201,315.69,0.54,0.42,2026-09-08,1949,N,VIIRS,n,2.0NRT,272.81,3.87,N
20.80691,85.25891,300.08,0.54,0.42,2026-09-08,1949,N,VIIRS,n,2.0NRT,268.92,2.19,N
20.86284,84.98545,298.67,0.56,0.43,2026-09-08,1949,N,VIIRS,n,2.0NRT,270.94,1.25,N
20.86435,84.99242,296.94,0.56,0.43,2026-09-08,1949,N,VIIRS,n,2.0NRT,269.84,1.16,N
20.86501,84.98708,306.75,0.56,0.43,2026-09-08,1949,N,VIIRS,n,2.0NRT,271.06,1.16,N
20.86611,84.99142,299.33,0.56,0.43,2026-09-08,1949,N,VIIRS,n,2.0NRT,270.68,1.96,N
20.88556,84.98448,298.64,0.56,0.43,2026-09-08,1949,N,VIIRS,n,2.0NRT,268.71,1.3,N
20.89022,84.97961,305.39,0.56,0.43,2026-09-08,1949,N,VIIRS,n,2.0NRT,268.48,1.48,N
20.95109,86.04737,310.27,0.5,0.41,2026-09-08,1949,N,VIIRS,n,2.0NRT,271.42,1.38,N
20.95175,86.04957,310.7,0.5,0.41,2026-09-08,1949,N,VIIRS,n,2.0NRT,272.04,1.4,N
20.96103,85.1719,297.17,0.55,0.43,2026-09-08,1949,N,VIIRS,n,2.0NRT,272.55,1.48,N
20.96147,85.17611,298.83,0.55,0.43,2026-09-08,1949,N,VIIRS,n,2.0NRT,272.18,2.6,N
20.96218,85.17078,300.26,0.55,0.43,2026-09-08,1949,N,VIIRS,n,2.0NRT,272.53,3.59,N
20.96296,85.18839,307.2,0.55,0.43,2026-09-08,1949,N,VIIRS,n,2.0NRT,268.75,1.24,N
20.96362,85.18311,296.46,0.55,0.43,2026-09-08,1949,N,VIIRS,n,2.0NRT,271.8,1.24,N
20.96399,85.18727,307.6,0.55,0.43,2026-09-08,1949,N,VIIRS,n,2.0NRT,270.26,2.38,N
20.96497,85.17246,301.6,0.55,0.43,2026-09-08,1949,N,VIIRS,n,2.0NRT,273.25,1.63,N
20.96564,85.16711,301.3,0.55,0.43,2026-09-08,1949,N,VIIRS,n,2.0NRT,273.54,2.31,N
20.96801,86.01303,298.69,0.5,0.41,2026-09-08,1949,N,VIIRS,n,2.0NRT,273.17,1.58,N
20.96823,85.17837,305.13,0.55,0.43,2026-09-08,1949,N,VIIRS,n,2.0NRT,273.49,1.63,N
20.96824,85.15533,299.2,0.55,0.43,2026-09-08,1949,N,VIIRS,n,2.0NRT,272.53,1.8,N
20.9689,85.17302,309.48,0.55,0.43,2026-09-08,1949,N,VIIRS,n,2.0NRT,274.62,1.63,N
20.97303,86.00401,299.09,0.5,0.41,2026-09-08,1949,N,VIIRS,n,2.0NRT,272.26,1.05,N
20.97745,85.16879,301.13,0.55,0.43,2026-09-08,1949,N,VIIRS,n,2.0NRT,275.55,1.53,N
21.07918,85.03577,300.85,0.56,0.43,2026-09-08,1949,N,VIIRS,n,2.0NRT,272.89,2.47,N
21.24244,79.22527,306.63,0.44,0.62,2026-09-08,1949,N,VIIRS,n,2.0NRT,287.33,1.09,N
21.33592,78.96922,313.41,0.46,0.63,2026-09-08,1949,N,VIIRS,n,2.0NRT,283.01,1.74,N
21.3374,78.96973,314.29,0.45,0.63,2026-09-08,1949,N,VIIRS,n,2.0NRT,283.02,2.12,N
21.67748,84.04029,304.58,0.44,0.46,2026-09-08,1949,N,VIIRS,n,2.0NRT,283.06,1.83,N
21.68175,84.04088,306.79,0.44,0.46,2026-09-08,1949,N,VIIRS,n,2.0NRT,283.25,1.39,N
21.91912,83.35267,297.13,0.48,0.48,2026-09-08,1949,N,VIIRS,n,2.0NRT,268.48,0.71,N
21.91968,83.34795,300.5,0.49,0.48,2026-09-08,1949,N,VIIRS,n,2.0NRT,268.28,0.71,N
21.92199,83.3504,308.56,0.49,0.48,2026-09-08,1949,N,VIIRS,n,2.0NRT,267.01,1.63,N
22.21111,84.86725,296.64,0.4,0.44,2026-09-08,1949,N,VIIRS,n,2.0NRT,265.75,0.93,N
22.32055,82.56607,296.17,0.55,0.51,2026-09-08,1949,N,VIIRS,n,2.0NRT,265.75,1.13,N
22.33052,82.60535,296.65,0.55,0.51,2026-09-08,1949,N,VIIRS,n,2.0NRT,264.1,0.57,N
22.4775,90.71188,296.91,0.38,0.36,2026-09-08,1949,N,VIIRS,n,2.0NRT,270.8,0.43,N
22.78655,86.19794,303.72,0.51,0.41,2026-09-08,1949,N,VIIRS,n,2.0NRT,282.63,1.5,N
22.79034,86.19852,312.09,0.51,0.41,2026-09-08,1949,N,VIIRS,n,2.0NRT,283.06,2.54,N
22.79099,86.19352,316.28,0.51,0.41,2026-09-08,1949,N,VIIRS,n,2.0NRT,284.3,2.54,N
23.55746,87.24306,316.67,0.46,0.39,2026-09-08,1949,N,VIIRS,n,2.0NRT,285.87,5.33,N
23.55808,87.23852,331,0.46,0.39,2026-09-08,1949,N,VIIRS,n,2.0NRT,286.14,5.48,N
23.55933,87.22939,317.11,0.46,0.39,2026-09-08,1949,N,VIIRS,n,2.0NRT,285.55,2.15,N
23.5617,87.2391,315.55,0.46,0.39,2026-09-08,1949,N,VIIRS,n,2.0NRT,285.37,5.48,N
23.61153,87.1468,306.1,0.47,0.4,2026-09-08,1949,N,VIIRS,n,2.0NRT,283.12,0.84,N
23.66251,87.15499,307.21,0.47,0.4,2026-09-08,1949,N,VIIRS,n,2.0NRT,278.78,1.3,N
23.66553,87.1602,303.3,0.47,0.4,2026-09-08,1949,N,VIIRS,n,2.0NRT,280.63,1.3,N
23.67217,86.11553,308.55,0.53,0.42,2026-09-08,1949,N,VIIRS,n,2.0NRT,283.62,1.25,N
23.68253,86.09591,314.45,0.53,0.42,2026-09-08,1949,N,VIIRS,n,2.0NRT,283.44,1.63,N
23.69677,86.07681,321.72,0.53,0.42,2026-09-08,1949,N,VIIRS,n,2.0NRT,283.98,3.27,N
23.7728,86.20103,303.01,0.52,0.42,2026-09-08,1949,N,VIIRS,n,2.0NRT,284.66,2.29,N
23.77346,86.19588,308.14,0.52,0.42,2026-09-08,1949,N,VIIRS,n,2.0NRT,284.71,1.73,N
23.77914,86.21259,311.63,0.52,0.42,2026-09-08,1949,N,VIIRS,n,2.0NRT,284.99,1.55,N
23.7798,86.20742,309.32,0.52,0.42,2026-09-08,1949,N,VIIRS,n,2.0NRT,285.51,2.44,N
23.80277,86.33076,303.31,0.52,0.41,2026-09-08,1949,N,VIIRS,n,2.0NRT,277.22,0.85,N
23.83902,85.30463,303.99,0.39,0.44,2026-09-08,1949,N,VIIRS,n,2.0NRT,287.28,1.02,N
23.83938,85.30389,302.27,0.39,0.44,2026-09-08,1949,N,VIIRS,n,2.0NRT,287.36,0.51,N
24.92294,84.15626,306.82,0.47,0.48,2026-09-08,1949,N,VIIRS,n,2.0NRT,286,1.73,N
26.64162,79.47488,304.22,0.48,0.65,2026-09-08,1949,N,VIIRS,n,2.0NRT,290.65,0.53,N
11.86825,79.20898,308.07,0.33,0.56,2026-09-08,1951,N,VIIRS,n,2.0NRT,291.62,0.69,N
11.86972,79.20905,308.67,0.33,0.56,2026-09-08,1951,N,VIIRS,n,2.0NRT,291.66,0.73,N
12.69771,76.40362,296.02,0.53,0.67,2026-09-08,1951,N,VIIRS,n,2.0NRT,285.99,2.14,N
14.60695,79.35424,295.06,0.36,0.57,2026-09-08,1951,N,VIIRS,n,2.0NRT,284.72,2.36,N
15.17607,76.65705,301.42,0.55,0.68,2026-09-08,1951,N,VIIRS,n,2.0NRT,278.43,2.31,N
17.46397,80.65453,305.67,0.64,0.54,2026-09-08,1951,N,VIIRS,n,2.0NRT,289.37,1.51,N
17.60929,83.20439,306.12,0.44,0.46,2026-09-08,1951,N,VIIRS,n,2.0NRT,275.54,0.83,N
19.0977,82.16817,303.81,0.53,0.5,2026-09-08,1951,N,VIIRS,n,2.0NRT,273.29,1.64,N
6.78723,81.522,307.55,0.4,0.44,2026-09-08,1953,N,VIIRS,n,2.0NRT,288.12,0.93,N
7.74249,80.7152,304.47,0.46,0.47,2026-09-08,1953,N,VIIRS,n,2.0NRT,291.24,1.31,N
7.87005,80.20573,305.26,0.5,0.49,2026-09-08,1953,N,VIIRS,n,2.0NRT,291.34,0.6,N
8.10951,79.96661,307.71,0.53,0.5,2026-09-08,1953,N,VIIRS,n,2.0NRT,292.32,2.24,N
8.16852,80.86479,308.74,0.46,0.47,2026-09-08,1953,N,VIIRS,n,2.0NRT,292.56,0.81,N
8.17287,80.86552,305.72,0.46,0.47,2026-09-08,1953,N,VIIRS,n,2.0NRT,292.32,0.36,N
9.93439,78.31834,308.55,0.36,0.57,2026-09-08,1953,N,VIIRS,n,2.0NRT,292.76,0.7,N
10.26213,77.25868,300.67,0.43,0.62,2026-09-08,1953,N,VIIRS,n,2.0NRT,289.55,0.89,N
10.39128,79.30709,311.77,0.63,0.54,2026-09-08,1953,N,VIIRS,n,2.0NRT,293.29,2.85,N
28.34513,77.23094,307.2,0.38,0.58,2026-09-08,2127,N,VIIRS,n,2.0NRT,291.84,0.78,N
28.744,76.92703,309.02,0.35,0.57,2026-09-08,2127,N,VIIRS,n,2.0NRT,291.79,0.88,N
28.74435,76.92632,305.77,0.35,0.57,2026-09-08,2127,N,VIIRS,n,2.0NRT,291.99,1.24,N
28.77183,77.56693,306.21,0.39,0.59,2026-09-08,2127,N,VIIRS,n,2.0NRT,290.42,0.51,N
29.47554,76.86042,310.75,0.34,0.56,2026-09-08,2127,N,VIIRS,n,2.0NRT,292.51,0.75,N
29.47636,76.85699,304.91,0.34,0.56,2026-09-08,2127,N,VIIRS,n,2.0NRT,291.99,0.75,N
29.63118,77.24579,303.99,0.35,0.57,2026-09-08,2127,N,VIIRS,n,2.0NRT,291.79,0.58,N
32.28975,70.74053,313.42,0.44,0.38,2026-09-08,2127,N,VIIRS,n,2.0NRT,299.03,2.4,N
32.65488,70.47535,312.61,0.42,0.38,2026-09-08,2127,N,VIIRS,n,2.0NRT,297.87,1.05,N
32.88793,71.61536,312.55,0.46,0.39,2026-09-08,2127,N,VIIRS,n,2.0NRT,297.11,2.77,N
33.29699,71.18787,308.57,0.44,0.38,2026-09-08,2127,N,VIIRS,n,2.0NRT,294.99,0.84,N
33.54652,71.54891,306.94,0.45,0.39,2026-09-08,2127,N,VIIRS,n,2.0NRT,295.96,1.34,N
33.80086,72.09872,306.87,0.47,0.4,2026-09-08,2127,N,VIIRS,n,2.0NRT,295.32,1.52,N
33.90252,74.64256,303.02,0.41,0.45,2026-09-08,2127,N,VIIRS,n,2.0NRT,283.88,1.2,N
35.96978,68.6861,306.24,0.38,0.36,2026-09-08,2127,N,VIIRS,n,2.0NRT,292.39,1.1,N
22.26371,75.1344,305.94,0.38,0.59,2026-09-08,2129,N,VIIRS,n,2.0NRT,289.82,1.06,N
23.2817,72.41914,310.48,0.49,0.49,2026-09-08,2129,N,VIIRS,n,2.0NRT,292.49,0.89,N
23.28408,72.41761,307.05,0.49,0.49,2026-09-08,2129,N,VIIRS,n,2.0NRT,292.41,0.91,N
24.6623,74.63559,305.55,0.63,0.54,2026-09-08,2129,N,VIIRS,n,2.0NRT,292.59,1.89,N
24.66258,74.636,304.85,0.63,0.54,2026-09-08,2129,N,VIIRS,n,2.0NRT,292.63,1.81,N
24.69026,73.00349,304.37,0.5,0.49,2026-09-08,2129,N,VIIRS,n,2.0NRT,293.62,1.03,N
24.93405,74.6332,303.84,0.62,0.54,2026-09-08,2129,N,VIIRS,n,2.0NRT,292.51,1.36,N
25.38731,68.58466,319.6,0.43,0.38,2026-09-08,2129,N,VIIRS,n,2.0NRT,295.89,1.19,N
26.09434,68.87854,315.79,0.44,0.38,2026-09-08,2129,N,VIIRS,n,2.0NRT,297.03,1.69,N
26.87394,73.51777,305.58,0.49,0.48,2026-09-08,2129,N,VIIRS,n,2.0NRT,295.45,1.38,N
27.66834,76.12954,304.87,0.34,0.56,2026-09-08,2129,N,VIIRS,n,2.0NRT,293.68,0.87,N
28.42417,69.70237,322.16,0.44,0.39,2026-09-08,2129,N,VIIRS,n,2.0NRT,298.08,1.8,N
15.13748,76.71239,304.03,0.67,0.73,2026-09-08,2131,N,VIIRS,n,2.0NRT,287.39,1.38,N
15.17795,76.657,308.23,0.66,0.73,2026-09-08,2131,N,VIIRS,n,2.0NRT,287.68,3.05,N
15.17892,76.66013,304.46,0.66,0.73,2026-09-08,2131,N,VIIRS,n,2.0NRT,287.58,2.95,N
15.18275,76.67428,302.85,0.66,0.73,2026-09-08,2131,N,VIIRS,n,2.0NRT,287.4,1.89,N
15.22613,76.76373,301.41,0.67,0.74,2026-09-08,2131,N,VIIRS,n,2.0NRT,287,1.03,N
15.65884,73.9893,310.62,0.44,0.62,2026-09-08,2131,N,VIIRS,n,2.0NRT,288.94,1.44,N
15.6609,73.98779,300.61,0.43,0.62,2026-09-08,2131,N,VIIRS,n,2.0NRT,288.62,1.28,N
18.57086,74.15802,301.48,0.39,0.59,2026-09-08,2131,N,VIIRS,n,2.0NRT,289.11,0.94,N
18.57162,74.15484,303.27,0.39,0.59,2026-09-08,2131,N,VIIRS,n,2.0NRT,289.09,0.82,N
18.68038,73.04181,303.95,0.33,0.55,2026-09-08,2131,N,VIIRS,n,2.0NRT,290.64,2.04,N
18.68104,73.0387,311.31,0.33,0.55,2026-09-08,2131,N,VIIRS,n,2.0NRT,290.91,1.06,N
18.6817,73.03559,303.54,0.33,0.55,2026-09-08,2131,N,VIIRS,n,2.0NRT,291.62,1.06,N
18.68233,73.04176,310.34,0.33,0.55,2026-09-08,2131,N,VIIRS,n,2.0NRT,290.94,1.64,N
18.68296,73.03863,305.36,0.33,0.55,2026-09-08,2131,N,VIIRS,n,2.0NRT,291.24,2.36,N
18.68424,73.03241,313.03,0.33,0.55,2026-09-08,2131,N,VIIRS,n,2.0NRT,291.62,1.8,N
18.68609,73.03984,303.23,0.33,0.55,2026-09-08,2131,N,VIIRS,n,2.0NRT,290.86,1.06,N
18.6874,73.03365,303.69,0.33,0.55,2026-09-08,2131,N,VIIRS,n,2.0NRT,291.25,2.33,N
18.69113,73.041,316.05,0.33,0.55,2026-09-08,2131,N,VIIRS,n,2.0NRT,290.89,2.15,N
18.69305,73.04095,316.93,0.33,0.55,2026-09-08,2131,N,VIIRS,n,2.0NRT,291.47,2.21,N
19.82081,79.33638,300.96,0.78,0.78,2026-09-08,2131,N,VIIRS,n,2.0NRT,277.48,1.84,N
19.93463,73.71231,301.71,0.35,0.56,2026-09-08,2131,N,VIIRS,n,2.0NRT,287.55,0.43,N
20.35331,72.95158,302.88,0.6,0.53,2026-09-08,2131,N,VIIRS,n,2.0NRT,290.82,2.13,N
20.91132,71.46037,311.82,0.48,0.48,2026-09-08,2131,N,VIIRS,n,2.0NRT,294.96,1.86,N
21.10329,72.63621,309.85,0.56,0.51,2026-09-08,2131,N,VIIRS,n,2.0NRT,291.32,2.74,N
21.10576,72.64803,305.61,0.56,0.51,2026-09-08,2131,N,VIIRS,n,2.0NRT,291.86,2.49,N
22.92725,70.10981,310.63,0.55,0.43,2026-09-08,2131,N,VIIRS,n,2.0NRT,292.31,4.11,N
24.79702,94.19991,325.94,0.38,0.36,2026-09-09,703,N,VIIRS,n,2.0NRT,288.79,1.88,D
27.37927,95.33396,330.91,0.4,0.37,2026-09-09,703,N,VIIRS,n,2.0NRT,295.35,2.29,D
27.87187,96.85019,335.29,0.45,0.39,2026-09-09,703,N,VIIRS,n,2.0NRT,294.94,6.71,D
27.87366,96.83576,337.86,0.45,0.39,2026-09-09,703,N,VIIRS,n,2.0NRT,296.25,5.55,D
27.87488,96.84531,331.52,0.45,0.39,2026-09-09,703,N,VIIRS,n,2.0NRT,294.68,2.22,D
27.93021,96.76659,332.46,0.45,0.39,2026-09-09,703,N,VIIRS,n,2.0NRT,295.41,4.17,D
28.01827,96.64623,329.37,0.44,0.39,2026-09-09,703,N,VIIRS,n,2.0NRT,292.44,1.22,D
29.30994,88.86318,327.35,0.5,0.41,2026-09-09,703,N,VIIRS,l,2.0NRT,299.54,2.64,D
29.55372,90.96186,328.62,0.41,0.37,2026-09-09,703,N,VIIRS,l,2.0NRT,300.35,1.68,D
29.5571,90.96114,326.22,0.41,0.37,2026-09-09,703,N,VIIRS,l,2.0NRT,299.62,1.68,D
29.56206,90.99042,326.76,0.41,0.37,2026-09-09,703,N,VIIRS,l,2.0NRT,300.25,2.63,D
6.33895,80.99429,342.35,0.58,0.52,2026-09-09,837,N,VIIRS,n,2.0NRT,298.15,6.59,D
6.36096,80.77393,331.67,0.56,0.51,2026-09-09,837,N,VIIRS,n,2.0NRT,296.64,2.49,D
6.36174,80.77742,336.21,0.56,0.51,2026-09-09,837,N,VIIRS,n,2.0NRT,296.83,5.69,D
6.36473,80.94134,342.41,0.57,0.52,2026-09-09,837,N,VIIRS,n,2.0NRT,295.7,7.83,D
6.36599,80.94292,340.4,0.57,0.52,2026-09-09,837,N,VIIRS,n,2.0NRT,295.48,9.15,D
6.39418,81.13857,336.3,0.59,0.53,2026-09-09,837,N,VIIRS,n,2.0NRT,297.86,5.83,D
6.39629,81.13673,332.19,0.59,0.53,2026-09-09,837,N,VIIRS,n,2.0NRT,296.7,3.52,D
6.58226,81.1302,333.74,0.59,0.53,2026-09-09,839,N,VIIRS,n,2.0NRT,294.99,1.47,D
6.59408,81.17841,345.02,0.6,0.53,2026-09-09,839,N,VIIRS,n,2.0NRT,297.24,9.85,D
6.71685,81.32734,337.67,0.61,0.54,2026-09-09,839,N,VIIRS,n,2.0NRT,298.85,8.54,D
6.73186,81.15031,330.56,0.6,0.53,2026-09-09,839,N,VIIRS,n,2.0NRT,294.18,3.58,D
6.84331,81.76249,348,0.33,0.55,2026-09-09,839,N,VIIRS,n,2.0NRT,296.95,4.29,D
6.98842,81.59173,367,0.32,0.55,2026-09-09,839,N,VIIRS,h,2.0NRT,299.46,6.85,D
6.99588,81.58228,350.28,0.32,0.55,2026-09-09,839,N,VIIRS,n,2.0NRT,297.53,4.03,D
6.99729,81.58129,349.7,0.32,0.55,2026-09-09,839,N,VIIRS,n,2.0NRT,297.26,2.32,D
7.1891,81.5724,332.06,0.32,0.55,2026-09-09,839,N,VIIRS,n,2.0NRT,300.75,3.39,D
7.25047,81.77212,337.29,0.34,0.56,2026-09-09,839,N,VIIRS,n,2.0NRT,297.58,2.24,D
7.28344,81.82129,344.9,0.34,0.56,2026-09-09,839,N,VIIRS,n,2.0NRT,297.74,2.31,D
7.31883,81.84831,332.87,0.34,0.56,2026-09-09,839,N,VIIRS,n,2.0NRT,299.27,1.82,D
7.43295,81.12988,335.67,0.61,0.53,2026-09-09,839,N,VIIRS,n,2.0NRT,302.73,6.63,D
7.51097,80.19008,344.88,0.53,0.5,2026-09-09,839,N,VIIRS,n,2.0NRT,300.49,5.17,D
7.54614,81.36263,338.43,0.64,0.54,2026-09-09,839,N,VIIRS,n,2.0NRT,298.75,3.4,D
7.55166,80.19073,330.26,0.53,0.5,2026-09-09,839,N,VIIRS,n,2.0NRT,298.77,2.5,D
7.59074,81.05297,343.45,0.61,0.53,2026-09-09,839,N,VIIRS,n,2.0NRT,302.93,6.15,D
7.61807,81.03234,336.06,0.6,0.53,2026-09-09,839,N,VIIRS,n,2.0NRT,303.04,6.72,D
7.70898,80.0405,344.18,0.52,0.5,2026-09-09,839,N,VIIRS,n,2.0NRT,298.58,8.36,D
7.71594,81.0788,336.03,0.61,0.53,2026-09-09,839,N,VIIRS,n,2.0NRT,299.7,2.92,D
7.77461,80.47596,349.28,0.56,0.51,2026-09-09,839,N,VIIRS,n,2.0NRT,300.24,11.62,D
7.79754,80.64051,339.96,0.57,0.52,2026-09-09,839,N,VIIRS,n,2.0NRT,299.71,6.34,D
7.80289,80.15063,330.57,0.53,0.5,2026-09-09,839,N,VIIRS,n,2.0NRT,296.47,4.35,D
7.87047,80.20759,331.55,0.54,0.51,2026-09-09,839,N,VIIRS,n,2.0NRT,299,3.88,D
7.92872,80.28514,344.98,0.54,0.51,2026-09-09,839,N,VIIRS,n,2.0NRT,302.44,7.9,D
7.93467,81.38467,334.37,0.32,0.55,2026-09-09,839,N,VIIRS,n,2.0NRT,297.86,2.49,D
7.9366,81.38432,332.22,0.32,0.55,2026-09-09,839,N,VIIRS,n,2.0NRT,298.17,4.08,D
7.93867,80.57105,335.35,0.57,0.52,2026-09-09,839,N,VIIRS,n,2.0NRT,300.15,5.95,D
7.93974,81.38399,333.71,0.32,0.55,2026-09-09,839,N,VIIRS,n,2.0NRT,298.82,2.49,D
7.94733,80.45666,333.69,0.56,0.51,2026-09-09,839,N,VIIRS,n,2.0NRT,300.22,5.62,D
7.96101,80.10643,340.71,0.53,0.5,2026-09-09,839,N,VIIRS,n,2.0NRT,299.73,5.84,D
8.03355,80.4838,342.04,0.56,0.52,2026-09-09,839,N,VIIRS,n,2.0NRT,301.17,3.38,D
8.03416,80.48712,340.1,0.56,0.52,2026-09-09,839,N,VIIRS,n,2.0NRT,301.53,5.25,D
8.0565,80.40259,334.94,0.56,0.51,2026-09-09,839,N,VIIRS,n,2.0NRT,302.42,7.49,D
8.0572,80.40765,341.32,0.56,0.51,2026-09-09,839,N,VIIRS,n,2.0NRT,301.58,7.49,D
8.07086,80.09274,330.58,0.53,0.5,2026-09-09,839,N,VIIRS,n,2.0NRT,296.44,2.55,D
8.09054,80.54442,344.61,0.57,0.52,2026-09-09,839,N,VIIRS,n,2.0NRT,301.27,7.04,D
8.12141,80.80586,332.52,0.59,0.53,2026-09-09,839,N,VIIRS,l,2.0NRT,303.24,3.52,D
8.1263,80.8052,336.49,0.59,0.53,2026-09-09,839,N,VIIRS,n,2.0NRT,300.34,3.52,D
8.12681,80.0978,342.88,0.53,0.5,2026-09-09,839,N,VIIRS,n,2.0NRT,299.8,7.15,D
8.21031,80.56414,337.27,0.57,0.52,2026-09-09,839,N,VIIRS,n,2.0NRT,301.13,5.45,D
8.21103,80.56943,343.1,0.57,0.52,2026-09-09,839,N,VIIRS,n,2.0NRT,302.32,5.45,D
8.21852,81.07156,345.37,0.62,0.54,2026-09-09,839,N,VIIRS,n,2.0NRT,299.25,6.22,D
8.2188,81.07023,346.73,0.62,0.54,2026-09-09,839,N,VIIRS,n,2.0NRT,299.18,10.97,D
8.22351,81.07091,334.89,0.62,0.54,2026-09-09,839,N,VIIRS,n,2.0NRT,298.72,6.22,D
8.22378,81.06954,330.41,0.62,0.54,2026-09-09,839,N,VIIRS,n,2.0NRT,298.8,4.23,D
8.26615,80.16025,344.39,0.54,0.51,2026-09-09,839,N,VIIRS,n,2.0NRT,300.63,11.17,D
8.27084,80.15961,348.91,0.54,0.51,2026-09-09,839,N,VIIRS,n,2.0NRT,301.13,11.17,D
8.30223,81.01012,342.36,0.62,0.54,2026-09-09,839,N,VIIRS,n,2.0NRT,301.02,14.97,D
8.3023,81.01288,342.43,0.62,0.54,2026-09-09,839,N,VIIRS,n,2.0NRT,299.96,8.12,D
8.30616,80.48454,336.37,0.57,0.52,2026-09-09,839,N,VIIRS,n,2.0NRT,300.54,3.36,D
8.30727,81.0122,331.43,0.62,0.54,2026-09-09,839,N,VIIRS,n,2.0NRT,299.02,9.38,D
8.31061,80.6608,344.7,0.58,0.52,2026-09-09,839,N,VIIRS,n,2.0NRT,301.57,10.03,D
8.31722,81.01086,330.29,0.62,0.54,2026-09-09,839,N,VIIRS,n,2.0NRT,299.93,4.48,D
8.37003,80.74961,330.97,0.59,0.53,2026-09-09,839,N,VIIRS,n,2.0NRT,294.68,0.82,D
8.37234,77.62077,339.77,0.56,0.43,2026-09-09,839,N,VIIRS,n,2.0NRT,306.54,10.28,D
8.3732,80.40456,331.35,0.56,0.52,2026-09-09,839,N,VIIRS,n,2.0NRT,294.45,3.21,D
8.37381,77.62325,339.68,0.56,0.43,2026-09-09,839,N,VIIRS,n,2.0NRT,307.26,6.09,D
8.44805,80.62918,341.88,0.58,0.52,2026-09-09,839,N,VIIRS,n,2.0NRT,294.99,10.36,D
8.44878,80.63449,341.53,0.58,0.52,2026-09-09,839,N,VIIRS,n,2.0NRT,293.66,11.76,D
8.46447,80.82089,346.78,0.6,0.53,2026-09-09,839,N,VIIRS,n,2.0NRT,297.09,10.99,D
8.46842,80.24854,330.37,0.55,0.51,2026-09-09,839,N,VIIRS,n,2.0NRT,299.64,2.25,D
8.50964,80.51556,339.51,0.57,0.52,2026-09-09,839,N,VIIRS,n,2.0NRT,299.7,5.28,D
8.53304,78.12076,336.58,0.4,0.44,2026-09-09,839,N,VIIRS,l,2.0NRT,308.22,2.69,D
8.59542,80.85155,334.69,0.61,0.53,2026-09-09,839,N,VIIRS,n,2.0NRT,299.55,4.99,D
8.60634,77.96951,345.48,0.39,0.44,2026-09-09,839,N,VIIRS,n,2.0NRT,306.15,4.79,D
8.61346,80.4192,331.44,0.57,0.52,2026-09-09,839,N,VIIRS,n,2.0NRT,300.54,5.62,D
8.64196,81.08068,335.58,0.63,0.54,2026-09-09,839,N,VIIRS,n,2.0NRT,298.7,6.21,D
8.7018,80.28503,339.68,0.56,0.51,2026-09-09,839,N,VIIRS,n,2.0NRT,298.82,6.94,D
8.70837,80.40471,331.56,0.57,0.52,2026-09-09,839,N,VIIRS,n,2.0NRT,299.04,3.3,D
8.74929,81.1545,332.23,0.32,0.55,2026-09-09,839,N,VIIRS,n,2.0NRT,297.6,3.03,D
8.75256,81.15276,334.71,0.32,0.55,2026-09-09,839,N,VIIRS,n,2.0NRT,297.26,3.32,D
8.88306,77.78769,334.5,0.39,0.44,2026-09-09,839,N,VIIRS,n,2.0NRT,303.98,2.52,D
8.91723,80.44055,351.83,0.58,0.52,2026-09-09,839,N,VIIRS,n,2.0NRT,299.28,9.36,D
8.93182,80.89063,331.66,0.62,0.54,2026-09-09,839,N,VIIRS,n,2.0NRT,300.87,6.54,D
8.94801,80.85964,332.89,0.61,0.54,2026-09-09,839,N,VIIRS,n,2.0NRT,298.85,9.03,D
9.05835,80.58269,332.53,0.59,0.53,2026-09-09,839,N,VIIRS,n,2.0NRT,298.44,4.52,D
9.38469,80.47755,347.65,0.59,0.53,2026-09-09,839,N,VIIRS,n,2.0NRT,292.51,10.9,D
9.63687,78.10203,339.96,0.41,0.45,2026-09-09,839,N,VIIRS,n,2.0NRT,308.2,5.41,D
9.80809,77.51385,340.35,0.57,0.43,2026-09-09,839,N,VIIRS,n,2.0NRT,296.04,7.83,D
9.83046,77.55689,341.33,0.38,0.44,2026-09-09,839,N,VIIRS,n,2.0NRT,295.21,2.25,D
9.83092,77.56013,331.53,0.38,0.44,2026-09-09,839,N,VIIRS,n,2.0NRT,295.36,3.1,D
10.09023,77.69757,343.84,0.4,0.44,2026-09-09,839,N,VIIRS,n,2.0NRT,303.29,1.42,D
10.25719,77.25083,347.9,0.56,0.43,2026-09-09,839,N,VIIRS,n,2.0NRT,291.29,94.07,D
10.25788,77.24821,335.44,0.56,0.43,2026-09-09,839,N,VIIRS,n,2.0NRT,295.72,50.16,D
10.26118,77.24303,330.49,0.56,0.43,2026-09-09,839,N,VIIRS,n,2.0NRT,290.27,26.52,D
10.31302,78.61387,342.94,0.45,0.47,2026-09-09,839,N,VIIRS,n,2.0NRT,300.44,4.49,D
10.34718,79.41057,336.58,0.51,0.5,2026-09-09,839,N,VIIRS,n,2.0NRT,292.56,3.7,D
10.34748,79.41254,338.36,0.51,0.5,2026-09-09,839,N,VIIRS,n,2.0NRT,292.31,3.18,D
10.43343,77.19473,335.63,0.56,0.43,2026-09-09,839,N,VIIRS,n,2.0NRT,303.53,9.4,D
10.44232,77.11541,335.28,0.55,0.43,2026-09-09,839,N,VIIRS,n,2.0NRT,299.13,2.39,D
10.53283,78.61864,330.74,0.46,0.47,2026-09-09,839,N,VIIRS,n,2.0NRT,300.14,1.94,D
10.67141,78.88138,335.09,0.48,0.48,2026-09-09,839,N,VIIRS,n,2.0NRT,301.43,4.19,D
10.68338,79.27805,334.52,0.51,0.49,2026-09-09,839,N,VIIRS,n,2.0NRT,294.9,3.25,D
10.90465,78.49009,345.24,0.45,0.47,2026-09-09,839,N,VIIRS,n,2.0NRT,300.98,4.58,D
10.91727,78.97856,335.44,0.49,0.49,2026-09-09,839,N,VIIRS,n,2.0NRT,299.35,2.94,D
10.91968,78.97959,334.43,0.49,0.49,2026-09-09,839,N,VIIRS,n,2.0NRT,299.05,1.76,D
11.02803,77.51046,336.75,0.4,0.44,2026-09-09,839,N,VIIRS,n,2.0NRT,304.82,4.23,D
12.06407,79.16139,333.03,0.52,0.5,2026-09-09,839,N,VIIRS,n,2.0NRT,299.16,2.28,D
12.56395,79.11487,341.51,0.53,0.5,2026-09-09,839,N,VIIRS,n,2.0NRT,296.93,15.8,D
13.86723,77.47733,342.52,0.43,0.46,2026-09-09,841,N,VIIRS,n,2.0NRT,291.65,4.47,D
14.04664,79.93987,331.29,0.63,0.54,2026-09-09,841,N,VIIRS,n,2.0NRT,291.17,2.68,D
14.5568,78.02254,345.93,0.48,0.48,2026-09-09,841,N,VIIRS,n,2.0NRT,298.39,4.37,D
14.70121,79.99017,339.65,0.32,0.55,2026-09-09,841,N,VIIRS,n,2.0NRT,294.2,3.2,D
14.79568,79.02826,345.59,0.56,0.51,2026-09-09,841,N,VIIRS,n,2.0NRT,292.83,11.93,D
15.17479,76.67694,332.08,0.4,0.44,2026-09-09,841,N,VIIRS,n,2.0NRT,301.53,4.6,D
15.17643,76.65775,341.25,0.4,0.44,2026-09-09,841,N,VIIRS,n,2.0NRT,302.38,6.01,D
15.18199,76.66843,336.98,0.4,0.44,2026-09-09,841,N,VIIRS,n,2.0NRT,300.46,6.09,D
17.38081,75.72618,336.85,0.56,0.43,2026-09-09,841,N,VIIRS,n,2.0NRT,301.49,3.99,D
18.37337,74.35523,337.45,0.49,0.4,2026-09-09,841,N,VIIRS,n,2.0NRT,304.07,5.1,D
18.48067,73.98694,330.97,0.47,0.4,2026-09-09,841,N,VIIRS,l,2.0NRT,301.28,5.5,D
18.55479,74.31213,343.56,0.49,0.4,2026-09-09,841,N,VIIRS,n,2.0NRT,301.81,7.86,D
18.55849,74.3116,334.95,0.49,0.4,2026-09-09,841,N,VIIRS,n,2.0NRT,304.73,8.74,D
18.62244,74.55608,335.85,0.5,0.41,2026-09-09,841,N,VIIRS,n,2.0NRT,302.07,4.25,D
18.64365,74.65992,335.5,0.51,0.41,2026-09-09,841,N,VIIRS,n,2.0NRT,304.29,4.85,D
18.68402,73.04089,339.03,0.43,0.38,2026-09-09,841,N,VIIRS,n,2.0NRT,301.53,8.87,D
18.68637,73.03223,331.44,0.43,0.38,2026-09-09,841,N,VIIRS,n,2.0NRT,301.25,6.71,D
18.691,73.03982,339.49,0.43,0.38,2026-09-09,841,N,VIIRS,n,2.0NRT,302.47,8.26,D
18.99486,74.43908,330.89,0.5,0.41,2026-09-09,841,N,VIIRS,l,2.0NRT,303.44,3.27,D
19.65047,74.57458,335.89,0.52,0.41,2026-09-09,843,N,VIIRS,n,2.0NRT,298.13,6.15,D
21.10127,72.63649,343.94,0.43,0.38,2026-09-09,843,N,VIIRS,n,2.0NRT,303.4,10.01,D
21.10479,72.63596,342.9,0.43,0.38,2026-09-09,843,N,VIIRS,n,2.0NRT,301.56,10.01,D
21.10594,72.64432,339.18,0.43,0.38,2026-09-09,843,N,VIIRS,n,2.0NRT,304.26,8.38,D
21.10652,72.6485,344.45,0.43,0.38,2026-09-09,843,N,VIIRS,n,2.0NRT,304.6,8.4,D
21.1083,72.63541,341.85,0.43,0.38,2026-09-09,843,N,VIIRS,n,2.0NRT,303.4,3.48,D
21.11181,72.63486,337.68,0.43,0.38,2026-09-09,843,N,VIIRS,n,2.0NRT,303.62,3.48,D
21.45597,72.9502,334.97,0.45,0.39,2026-09-09,843,N,VIIRS,n,2.0NRT,301.66,3.95,D
21.96141,72.51338,339.3,0.44,0.38,2026-09-09,843,N,VIIRS,n,2.0NRT,303.3,6.19,D
22.35983,82.30304,326.78,0.56,0.69,2026-09-09,843,N,VIIRS,n,2.0NRT,287.19,8.43,D
22.4838,70.93859,337.46,0.4,0.37,2026-09-09,843,N,VIIRS,n,2.0NRT,302.73,3.49,D
22.55157,71.63312,338.85,0.41,0.37,2026-09-09,843,N,VIIRS,n,2.0NRT,305.61,5.82,D
22.78069,69.46031,337.63,0.38,0.36,2026-09-09,843,N,VIIRS,n,2.0NRT,302.9,3.57,D
22.87284,69.57805,332.78,0.38,0.36,2026-09-09,843,N,VIIRS,n,2.0NRT,301.04,4.04,D
22.89505,69.89949,334.75,0.39,0.36,2026-09-09,843,N,VIIRS,n,2.0NRT,304.7,1.82,D
22.92988,70.10869,336.43,0.39,0.36,2026-09-09,843,N,VIIRS,n,2.0NRT,304.53,6.77,D
22.9318,69.69779,332.54,0.38,0.36,2026-09-09,843,N,VIIRS,l,2.0NRT,304.36,2.27,D
22.93237,69.70152,331.13,0.38,0.36,2026-09-09,843,N,VIIRS,l,2.0NRT,303.33,3.74,D
22.93511,69.6972,335.3,0.38,0.36,2026-09-09,843,N,VIIRS,n,2.0NRT,303.5,2.27,D
23.03181,69.53057,331.92,0.38,0.36,2026-09-09,843,N,VIIRS,l,2.0NRT,302.92,2.6,D
23.05331,69.64938,335.4,0.38,0.36,2026-09-09,843,N,VIIRS,n,2.0NRT,299.9,5.02,D
23.10171,72.47737,330.84,0.45,0.39,2026-09-09,843,N,VIIRS,l,2.0NRT,303.73,4.76,D
23.50802,72.15764,337.69,0.44,0.38,2026-09-09,843,N,VIIRS,n,2.0NRT,305.06,3.69,D
23.57267,72.47577,335.21,0.45,0.39,2026-09-09,843,N,VIIRS,n,2.0NRT,305.14,4.27,D
24.48032,69.0869,334.57,0.38,0.36,2026-09-09,843,N,VIIRS,n,2.0NRT,303.96,2.81,D
25.00024,69.17052,333.45,0.38,0.36,2026-09-09,843,N,VIIRS,l,2.0NRT,305.19,0.73,D
25.35773,69.0938,334.28,0.38,0.36,2026-09-09,843,N,VIIRS,l,2.0NRT,305.96,2.47,D
25.38771,68.58407,343.72,0.38,0.36,2026-09-09,843,N,VIIRS,n,2.0NRT,306.56,4.62,D
25.41987,68.99232,345.34,0.38,0.36,2026-09-09,843,N,VIIRS,n,2.0NRT,308.48,4.22,D
25.79195,68.59055,331.3,0.38,0.36,2026-09-09,843,N,VIIRS,n,2.0NRT,304.9,1.24,D
25.89977,68.76244,332.45,0.38,0.36,2026-09-09,843,N,VIIRS,l,2.0NRT,305.38,2.09,D
26.14395,68.98871,332.5,0.38,0.36,2026-09-09,843,N,VIIRS,n,2.0NRT,305.64,2.69,D
26.64183,79.48302,332.65,0.41,0.61,2026-09-09,843,N,VIIRS,n,2.0NRT,294.48,4.48,D
26.78156,72.00723,343.32,0.46,0.39,2026-09-09,843,N,VIIRS,n,2.0NRT,310.89,7.69,D
26.78459,72.00198,339.68,0.46,0.39,2026-09-09,843,N,VIIRS,l,2.0NRT,310.8,7.69,D
26.78636,72.01598,341.03,0.46,0.39,2026-09-09,843,N,VIIRS,n,2.0NRT,309.83,19.54,D
26.78939,72.01074,348.52,0.46,0.39,2026-09-09,843,N,VIIRS,n,2.0NRT,310.23,9.4,D
26.79242,72.0055,347.32,0.46,0.39,2026-09-09,843,N,VIIRS,n,2.0NRT,311.3,15.04,D
26.7936,72.01483,342.21,0.46,0.39,2026-09-09,843,N,VIIRS,n,2.0NRT,310.55,9.4,D
26.79663,72.00959,342.06,0.46,0.39,2026-09-09,843,N,VIIRS,n,2.0NRT,310.44,4.85,D
26.79723,72.01426,338.28,0.46,0.39,2026-09-09,843,N,VIIRS,l,2.0NRT,310.24,4.85,D
28.42417,69.70093,337.49,0.4,0.37,2026-09-09,845,N,VIIRS,l,2.0NRT,311.47,3.82,D
30.3203,69.8423,350.24,0.42,0.37,2026-09-09,845,N,VIIRS,n,2.0NRT,311.47,2.96,D
30.46224,73.80231,335,0.42,0.45,2026-09-09,845,N,VIIRS,n,2.0NRT,302.14,3.04,D
31.11923,74.6719,346.95,0.48,0.48,2026-09-09,845,N,VIIRS,n,2.0NRT,300.42,10.59,D
31.12366,74.67133,345.68,0.48,0.48,2026-09-09,845,N,VIIRS,n,2.0NRT,298.08,6.33,D
31.12966,74.65249,332.7,0.48,0.48,2026-09-09,845,N,VIIRS,n,2.0NRT,297.49,2.66,D
31.39262,73.96021,340.26,0.44,0.46,2026-09-09,845,N,VIIRS,n,2.0NRT,298.55,4.82,D
36.79524,81.54149,342.51,0.66,0.73,2026-09-09,848,N,VIIRS,n,2.0NRT,299.85,6.22,D
28.58281,96.94934,309.49,0.38,0.36,2026-09-09,1928,N,VIIRS,n,2.0NRT,281.15,1.2,N
20.99799,86.01233,300.3,0.32,0.55,2026-09-09,1932,N,VIIRS,n,2.0NRT,267.69,0.42,N
6.72036,81.1439,309.22,0.44,0.62,2026-09-09,1936,N,VIIRS,n,2.0NRT,281.4,1.04,N
26.25893,74.09446,310.9,0.45,0.39,2026-09-09,2110,N,VIIRS,n,2.0NRT,296.54,1.6,N
26.702,77.84742,306.41,0.46,0.47,2026-09-09,2110,N,VIIRS,n,2.0NRT,293.08,1.27,N
26.87392,73.51785,307.54,0.43,0.38,2026-09-09,2110,N,VIIRS,n,2.0NRT,297.29,1.08,N
26.87812,73.51436,311.62,0.43,0.38,2026-09-09,2110,N,VIIRS,n,2.0NRT,297.32,1.08,N
26.92571,73.46764,307.46,0.42,0.38,2026-09-09,2110,N,VIIRS,n,2.0NRT,296.84,1.03,N
27.28872,73.83931,310.71,0.43,0.38,2026-09-09,2110,N,VIIRS,n,2.0NRT,298.15,1.61,N
27.66891,76.13161,308.25,0.54,0.42,2026-09-09,2110,N,VIIRS,n,2.0NRT,296.75,2.32,N
28.275,77.1826,309.13,0.4,0.44,2026-09-09,2110,N,VIIRS,n,2.0NRT,294.05,0.78,N
28.27803,77.27264,308.04,0.4,0.44,2026-09-09,2110,N,VIIRS,n,2.0NRT,293.79,1.08,N
28.34753,77.25915,306.48,0.4,0.44,2026-09-09,2110,N,VIIRS,n,2.0NRT,293.82,1.02,N
28.34835,77.25511,307.79,0.4,0.44,2026-09-09,2110,N,VIIRS,n,2.0NRT,293.86,1.02,N
28.35967,77.24104,308.29,0.4,0.44,2026-09-09,2110,N,VIIRS,n,2.0NRT,293.95,0.92,N
28.37098,77.22699,305.53,0.4,0.44,2026-09-09,2110,N,VIIRS,n,2.0NRT,293.78,1.01,N
28.3718,77.22294,308.59,0.4,0.44,2026-09-09,2110,N,VIIRS,n,2.0NRT,293.68,1.32,N
28.42315,69.70135,316.97,0.4,0.37,2026-09-09,2110,N,VIIRS,n,2.0NRT,297.4,1.92,N
28.42652,69.70199,311.1,0.4,0.37,2026-09-09,2110,N,VIIRS,n,2.0NRT,297.73,1.46,N
28.77395,77.56806,310.88,0.41,0.45,2026-09-09,2110,N,VIIRS,n,2.0NRT,294.37,0.77,N
29.02955,73.97697,318.86,0.42,0.38,2026-09-09,2110,N,VIIRS,n,2.0NRT,296.55,1.05,N
31.25911,76.92336,303.81,0.52,0.41,2026-09-09,2110,N,VIIRS,n,2.0NRT,290.65,0.89,N
32.57447,72.56104,311.35,0.38,0.36,2026-09-09,2110,N,VIIRS,n,2.0NRT,296.54,2.05,N
32.65298,70.47419,314.51,0.41,0.37,2026-09-09,2110,N,VIIRS,n,2.0NRT,297.84,1.53,N
32.7166,72.77676,312.74,0.38,0.36,2026-09-09,2110,N,VIIRS,n,2.0NRT,295.48,1.21,N
32.72005,72.92374,308.62,0.38,0.36,2026-09-09,2110,N,VIIRS,n,2.0NRT,295.21,0.93,N
32.8899,71.61823,310.73,0.39,0.36,2026-09-09,2110,N,VIIRS,n,2.0NRT,297.68,1.08,N
33.54676,71.54985,309.65,0.39,0.36,2026-09-09,2110,N,VIIRS,n,2.0NRT,297.66,0.93,N
33.68788,72.7118,313.69,0.38,0.36,2026-09-09,2110,N,VIIRS,n,2.0NRT,296.33,2.94,N
33.90514,71.91456,308.72,0.39,0.36,2026-09-09,2110,N,VIIRS,n,2.0NRT,297.32,2.04,N
17.61107,83.20312,299.76,0.76,0.77,2026-09-09,2112,N,VIIRS,n,2.0NRT,269.88,1.97,N
19.93405,73.71447,306.08,0.53,0.42,2026-09-09,2112,N,VIIRS,n,2.0NRT,289.2,0.62,N
19.93644,73.71235,311.96,0.53,0.42,2026-09-09,2112,N,VIIRS,n,2.0NRT,290.1,1.54,N
20.86701,70.56599,311.65,0.39,0.36,2026-09-09,2112,N,VIIRS,n,2.0NRT,294.95,1.55,N
20.86824,71.39729,307.63,0.41,0.37,2026-09-09,2112,N,VIIRS,n,2.0NRT,294.66,0.73,N
20.90956,71.46092,311.05,0.41,0.37,2026-09-09,2112,N,VIIRS,n,2.0NRT,294.88,2.1,N
21.10076,72.63695,334.48,0.45,0.39,2026-09-09,2112,N,VIIRS,n,2.0NRT,294.18,5.71,N
21.10252,72.63594,333.31,0.45,0.39,2026-09-09,2112,N,VIIRS,n,2.0NRT,296.07,10.96,N
21.10281,72.64636,308.29,0.45,0.39,2026-09-09,2112,N,VIIRS,n,2.0NRT,293.27,3.56,N
21.10432,72.63768,321.45,0.45,0.39,2026-09-09,2112,N,VIIRS,n,2.0NRT,294.18,5.71,N
21.10452,72.64532,340.71,0.45,0.39,2026-09-09,2112,N,VIIRS,n,2.0NRT,295.19,18.82,N
21.10808,72.64604,339.52,0.45,0.39,2026-09-09,2112,N,VIIRS,n,2.0NRT,295.46,18.82,N
21.10964,72.63737,315.57,0.45,0.39,2026-09-09,2112,N,VIIRS,n,2.0NRT,294.89,4.74,N
21.69743,72.53883,307.31,0.44,0.39,2026-09-09,2112,N,VIIRS,n,2.0NRT,293.66,0.44,N
22.26339,75.13261,304.97,0.39,0.44,2026-09-09,2112,N,VIIRS,n,2.0NRT,292.9,1.44,N
22.33705,69.86613,308.05,0.38,0.36,2026-09-09,2112,N,VIIRS,n,2.0NRT,296.28,3.31,N
22.33882,69.85501,315.32,0.38,0.36,2026-09-09,2112,N,VIIRS,n,2.0NRT,297.94,3.38,N
22.41555,69.03904,326.87,0.39,0.36,2026-09-09,2112,N,VIIRS,n,2.0NRT,295.02,3.3,N
22.41887,69.03963,311.95,0.39,0.36,2026-09-09,2112,N,VIIRS,n,2.0NRT,294.66,2.1,N
22.65471,70.98373,305.96,0.39,0.36,2026-09-09,2112,N,VIIRS,n,2.0NRT,294.85,0.49,N
22.80195,70.89373,307.56,0.39,0.36,2026-09-09,2112,N,VIIRS,n,2.0NRT,293.94,0.85,N
22.90915,69.69665,307.65,0.38,0.36,2026-09-09,2112,N,VIIRS,n,2.0NRT,294.89,1.67,N
22.91245,69.69726,306.83,0.38,0.36,2026-09-09,2112,N,VIIRS,n,2.0NRT,294.61,1.06,N
22.92675,69.82255,308.26,0.38,0.36,2026-09-09,2112,N,VIIRS,n,2.0NRT,295.52,1.46,N
22.92927,70.10672,306.23,0.38,0.36,2026-09-09,2112,N,VIIRS,n,2.0NRT,293.82,1.86,N
22.92957,69.69656,320.29,0.38,0.36,2026-09-09,2112,N,VIIRS,n,2.0NRT,294.77,2.26,N
22.93229,69.70088,323.29,0.38,0.36,2026-09-09,2112,N,VIIRS,n,2.0NRT,295.1,2.27,N
22.93287,69.69716,337.93,0.38,0.36,2026-09-09,2112,N,VIIRS,n,2.0NRT,296.19,7.62,N
23.05618,69.9922,306.29,0.38,0.36,2026-09-09,2112,N,VIIRS,n,2.0NRT,294.3,0.62,N
23.25672,70.26176,323.61,0.38,0.36,2026-09-09,2112,N,VIIRS,n,2.0NRT,295.3,1.41,N
23.31528,70.4887,312.09,0.39,0.36,2026-09-09,2112,N,VIIRS,n,2.0NRT,295.9,1.43,N
24.66075,74.63564,307.83,0.5,0.41,2026-09-09,2112,N,VIIRS,n,2.0NRT,296.09,2.06,N
24.66097,74.634,308.22,0.5,0.41,2026-09-09,2112,N,VIIRS,n,2.0NRT,296.35,2.08,N
24.8211,73.09267,312.4,0.43,0.38,2026-09-09,2112,N,VIIRS,n,2.0NRT,297.17,1.45,N
24.93354,74.6346,310.77,0.5,0.41,2026-09-09,2112,N,VIIRS,n,2.0NRT,295.26,1.39,N
25.38741,68.58442,317.03,0.41,0.37,2026-09-09,2112,N,VIIRS,n,2.0NRT,296.56,0.88,N
25.38799,68.58036,307.36,0.41,0.37,2026-09-09,2112,N,VIIRS,n,2.0NRT,296.66,0.88,N
25.7812,73.699,311.72,0.44,0.39,2026-09-09,2112,N,VIIRS,n,2.0NRT,294.51,1.14,N
25.78472,73.69977,310.35,0.44,0.39,2026-09-09,2112,N,VIIRS,n,2.0NRT,294.89,1.14,N
25.95813,68.36952,308.44,0.42,0.38,2026-09-09,2112,N,VIIRS,n,2.0NRT,296.32,1.18,N
12.97965,74.85469,305.92,0.54,0.51,2026-09-09,2114,N,VIIRS,n,2.0NRT,290.85,3.13,N
12.98171,74.85807,304.67,0.54,0.51,2026-09-09,2114,N,VIIRS,n,2.0NRT,290.65,3.59,N
12.98266,74.85311,350.99,0.54,0.51,2026-09-09,2114,N,VIIRS,n,2.0NRT,292.11,17.03,N
12.98359,74.84822,310.48,0.54,0.51,2026-09-09,2114,N,VIIRS,n,2.0NRT,291.24,17.03,N
12.98431,74.85551,333.59,0.54,0.51,2026-09-09,2114,N,VIIRS,n,2.0NRT,292.24,19.31,N
12.98521,74.85059,324.98,0.54,0.51,2026-09-09,2114,N,VIIRS,n,2.0NRT,291.42,19.31,N
12.98732,74.8539,307.28,0.54,0.51,2026-09-09,2114,N,VIIRS,n,2.0NRT,291.02,2.71,N
13.89847,76.565,303.98,0.34,0.56,2026-09-09,2114,N,VIIRS,n,2.0NRT,289.84,0.34,N
15.13735,76.7136,295.07,0.33,0.55,2026-09-09,2114,N,VIIRS,n,2.0NRT,272.58,0.3,N
15.17594,76.67782,296.1,0.33,0.55,2026-09-09,2114,N,VIIRS,n,2.0NRT,272.59,0.56,N
15.17654,76.67481,297.48,0.33,0.55,2026-09-09,2114,N,VIIRS,n,2.0NRT,271.64,0.64,N
15.22533,76.76504,302.85,0.33,0.55,2026-09-09,2114,N,VIIRS,n,2.0NRT,278.94,0.75,N
16.64885,74.31091,299.8,0.43,0.46,2026-09-09,2114,N,VIIRS,n,2.0NRT,280.71,0.57,N
18.39037,74.80548,301.77,0.43,0.46,2026-09-09,2114,N,VIIRS,n,2.0NRT,284.96,0.64,N
18.56875,74.52725,305.33,0.41,0.45,2026-09-09,2114,N,VIIRS,n,2.0NRT,279.75,0.96,N
18.68556,73.03335,302.87,0.51,0.41,2026-09-09,2114,N,VIIRS,n,2.0NRT,282.18,1.89,N
18.68642,73.02856,300.51,0.51,0.41,2026-09-09,2114,N,VIIRS,n,2.0NRT,280.14,1.21,N
18.85631,72.92681,305.26,0.5,0.41,2026-09-09,2114,N,VIIRS,n,2.0NRT,282.93,1.34,N
18.86003,72.92754,310.02,0.5,0.41,2026-09-09,2114,N,VIIRS,n,2.0NRT,282.2,1.39,N
19.17833,70.94522,310.08,0.41,0.37,2026-09-09,2114,N,VIIRS,n,2.0NRT,293.72,0.67,N
19.52799,71.29915,310.82,0.42,0.38,2026-09-09,2114,N,VIIRS,n,2.0NRT,294.15,0.98,N
19.57354,71.3653,314,0.42,0.38,2026-09-09,2114,N,VIIRS,n,2.0NRT,293.71,1.23,N
10.78634,76.78297,310.68,0.4,0.6,2026-09-09,2116,N,VIIRS,n,2.0NRT,289.04,0.81,N
10.78694,76.78407,304.4,0.4,0.6,2026-09-09,2116,N,VIIRS,n,2.0NRT,289.1,0.73,N
27.86725,96.95296,327.92,0.4,0.37,2026-09-10,644,N,VIIRS,l,2.0NRT,298.54,10.53,D
28.0171,96.64835,339.06,0.4,0.37,2026-09-10,644,N,VIIRS,n,2.0NRT,294.8,4.76,D
28.03857,96.65233,331.41,0.4,0.37,2026-09-10,644,N,VIIRS,n,2.0NRT,297.19,4.27,D
28.14016,96.67348,339.01,0.4,0.37,2026-09-10,646,N,VIIRS,n,2.0NRT,292.09,7.19,D
28.64556,90.82092,327.3,0.48,0.48,2026-09-10,646,N,VIIRS,n,2.0NRT,293.8,3.74,D
28.64619,90.82393,339.6,0.48,0.48,2026-09-10,646,N,VIIRS,n,2.0NRT,294.96,4.14,D
28.64667,90.82605,337.74,0.48,0.48,2026-09-10,646,N,VIIRS,n,2.0NRT,296.18,3.74,D
29.5509,90.99295,325.45,0.45,0.47,2026-09-10,646,N,VIIRS,n,2.0NRT,294.24,3.09,D
29.55354,90.96339,329.99,0.45,0.47,2026-09-10,646,N,VIIRS,n,2.0NRT,298.02,2.72,D
29.55512,90.99184,332.41,0.45,0.47,2026-09-10,646,N,VIIRS,n,2.0NRT,293.34,3.09,D
29.55596,90.98885,336.63,0.45,0.47,2026-09-10,646,N,VIIRS,n,2.0NRT,292.17,3.58,D
29.64131,90.97839,327.59,0.45,0.47,2026-09-10,646,N,VIIRS,n,2.0NRT,295.11,2.56,D
36.85529,93.2654,336.68,0.41,0.37,2026-09-10,648,N,VIIRS,l,2.0NRT,311,6.01,D
6.18368,81.11115,337.17,0.45,0.39,2026-09-10,820,N,VIIRS,n,2.0NRT,303.55,5.21,D
6.22965,80.91109,339.66,0.44,0.39,2026-09-10,820,N,VIIRS,n,2.0NRT,304.19,5.26,D
6.34238,81.35419,339.72,0.46,0.39,2026-09-10,820,N,VIIRS,n,2.0NRT,304.18,3.19,D
6.343,81.35838,335.91,0.46,0.39,2026-09-10,820,N,VIIRS,n,2.0NRT,300.59,3.19,D
6.43301,80.75185,335.15,0.44,0.38,2026-09-10,820,N,VIIRS,n,2.0NRT,301.64,2.97,D
6.53781,80.99404,331.2,0.45,0.39,2026-09-10,820,N,VIIRS,n,2.0NRT,301.16,2.07,D
6.56251,81.06124,332.26,0.45,0.39,2026-09-10,820,N,VIIRS,n,2.0NRT,301.2,2.43,D
6.56406,81.06118,332.64,0.45,0.39,2026-09-10,820,N,VIIRS,n,2.0NRT,300.27,3.65,D
6.56548,81.05662,333.08,0.45,0.39,2026-09-10,820,N,VIIRS,n,2.0NRT,299.99,1.89,D
6.68837,81.07207,335.17,0.45,0.39,2026-09-10,820,N,VIIRS,n,2.0NRT,297.33,3.3,D
6.69194,81.0714,335.63,0.45,0.39,2026-09-10,820,N,VIIRS,n,2.0NRT,296.44,3.97,D
6.71419,81.1232,339.37,0.46,0.39,2026-09-10,820,N,VIIRS,n,2.0NRT,298.61,4.24,D
6.71681,81.31925,333.44,0.47,0.39,2026-09-10,820,N,VIIRS,n,2.0NRT,296.78,5.46,D
6.7193,80.93414,342.48,0.45,0.39,2026-09-10,820,N,VIIRS,n,2.0NRT,299.19,5.5,D
6.72283,80.93341,340.05,0.45,0.39,2026-09-10,820,N,VIIRS,n,2.0NRT,297.89,5.38,D
6.74246,81.39359,332.31,0.47,0.4,2026-09-10,820,N,VIIRS,n,2.0NRT,294.67,1.73,D
6.79604,81.27726,334.41,0.46,0.39,2026-09-10,820,N,VIIRS,n,2.0NRT,293.35,2.45,D
6.80416,81.43225,340.15,0.47,0.4,2026-09-10,820,N,VIIRS,n,2.0NRT,296.65,2.46,D
6.85638,81.54122,341.01,0.48,0.4,2026-09-10,820,N,VIIRS,n,2.0NRT,291.66,5.85,D
6.85811,81.50098,336,0.48,0.4,2026-09-10,820,N,VIIRS,n,2.0NRT,293.67,6.21,D
7.2688,81.12688,335.63,0.46,0.39,2026-09-10,820,N,VIIRS,n,2.0NRT,282.27,3.74,D
7.38554,81.5505,330.2,0.49,0.4,2026-09-10,820,N,VIIRS,n,2.0NRT,289.03,3.72,D
7.38721,81.54916,332.05,0.49,0.4,2026-09-10,820,N,VIIRS,n,2.0NRT,289.72,4.09,D
7.52287,80.01469,338.88,0.42,0.38,2026-09-10,820,N,VIIRS,n,2.0NRT,297.23,4.18,D
7.57065,81.38146,347.84,0.48,0.4,2026-09-10,820,N,VIIRS,n,2.0NRT,287.86,7.76,D
7.57501,80.85505,334.91,0.45,0.39,2026-09-10,820,N,VIIRS,n,2.0NRT,284.62,3.96,D
7.64512,80.13367,338.13,0.42,0.38,2026-09-10,820,N,VIIRS,n,2.0NRT,297.13,4.91,D
7.64569,80.13751,335.93,0.42,0.38,2026-09-10,820,N,VIIRS,n,2.0NRT,293.85,3.25,D
7.72321,80.02804,337.07,0.42,0.38,2026-09-10,820,N,VIIRS,n,2.0NRT,294.61,4.29,D
7.78208,80.6227,335.24,0.44,0.39,2026-09-10,820,N,VIIRS,n,2.0NRT,292.22,4.39,D
7.79099,79.91326,333.36,0.42,0.37,2026-09-10,820,N,VIIRS,n,2.0NRT,295.92,2.85,D
7.79616,81.06741,334.71,0.47,0.39,2026-09-10,820,N,VIIRS,n,2.0NRT,280.28,4.02,D
7.80208,79.89999,335.35,0.42,0.37,2026-09-10,820,N,VIIRS,n,2.0NRT,301.03,2.17,D
7.81471,80.60565,339.51,0.44,0.39,2026-09-10,820,N,VIIRS,n,2.0NRT,290.41,3.44,D
7.83892,79.8868,340.13,0.42,0.37,2026-09-10,820,N,VIIRS,n,2.0NRT,301.27,3.39,D
7.84237,79.88628,347.49,0.42,0.37,2026-09-10,820,N,VIIRS,n,2.0NRT,303.28,8.36,D
7.88685,80.23586,334.46,0.43,0.38,2026-09-10,820,N,VIIRS,n,2.0NRT,294.01,4.27,D
7.93977,81.18617,331.58,0.47,0.4,2026-09-10,820,N,VIIRS,n,2.0NRT,279.7,3.45,D
7.95035,80.10378,335.75,0.43,0.38,2026-09-10,820,N,VIIRS,n,2.0NRT,300.34,3.24,D
7.95742,80.422,330.48,0.44,0.38,2026-09-10,820,N,VIIRS,n,2.0NRT,290.45,5.15,D
7.96095,80.42149,350.65,0.44,0.38,2026-09-10,820,N,VIIRS,n,2.0NRT,293.2,5.15,D
7.9668,80.04636,340.03,0.42,0.38,2026-09-10,820,N,VIIRS,n,2.0NRT,301.69,3.39,D
7.98573,80.10244,331.46,0.43,0.38,2026-09-10,820,N,VIIRS,n,2.0NRT,299.37,1.6,D
7.99371,80.15654,334.07,0.43,0.38,2026-09-10,820,N,VIIRS,n,2.0NRT,299.14,3.31,D
8.00195,80.11581,330.79,0.43,0.38,2026-09-10,820,N,VIIRS,n,2.0NRT,300.41,2.24,D
8.01429,80.03149,336.34,0.42,0.38,2026-09-10,820,N,VIIRS,n,2.0NRT,299.62,5.56,D
8.03297,80.39876,342.24,0.44,0.38,2026-09-10,820,N,VIIRS,n,2.0NRT,301.68,9.04,D
8.03946,80.09521,331.99,0.43,0.38,2026-09-10,820,N,VIIRS,n,2.0NRT,301.54,1.98,D
8.0436,80.3488,336.18,0.44,0.38,2026-09-10,820,N,VIIRS,n,2.0NRT,302.38,6.07,D
8.05744,80.09648,336.33,0.43,0.38,2026-09-10,820,N,VIIRS,n,2.0NRT,302.76,3.86,D
8.06092,80.09595,348.11,0.43,0.38,2026-09-10,820,N,VIIRS,n,2.0NRT,303.56,6.79,D
8.06711,80.60642,339.79,0.45,0.39,2026-09-10,820,N,VIIRS,n,2.0NRT,298.13,5.75,D
8.07067,80.6059,348.65,0.45,0.39,2026-09-10,820,N,VIIRS,n,2.0NRT,296.86,8.33,D
8.09644,79.8333,340.53,0.42,0.37,2026-09-10,820,N,VIIRS,n,2.0NRT,298.62,5.35,D
8.12294,80.154,339.48,0.43,0.38,2026-09-10,820,N,VIIRS,n,2.0NRT,305.42,3.64,D
8.13631,80.58918,343.25,0.45,0.39,2026-09-10,820,N,VIIRS,n,2.0NRT,297.5,5.58,D
8.14835,81.34442,339.93,0.48,0.4,2026-09-10,820,N,VIIRS,n,2.0NRT,272.96,6.54,D
8.21551,80.41754,341.28,0.44,0.38,2026-09-10,820,N,VIIRS,n,2.0NRT,303.15,3.38,D
8.25431,80.53484,331.02,0.45,0.39,2026-09-10,820,N,VIIRS,n,2.0NRT,300.79,1.96,D
8.2586,80.31792,335.19,0.44,0.38,2026-09-10,820,N,VIIRS,n,2.0NRT,297.72,2.92,D
8.26426,80.72923,337.06,0.45,0.39,2026-09-10,820,N,VIIRS,n,2.0NRT,299.22,3.4,D
8.33105,80.31969,330.45,0.44,0.38,2026-09-10,820,N,VIIRS,n,2.0NRT,296.58,3.07,D
8.33458,80.31918,342.13,0.44,0.38,2026-09-10,820,N,VIIRS,n,2.0NRT,292.74,3.07,D
8.35593,81.05505,338.72,0.47,0.4,2026-09-10,820,N,VIIRS,n,2.0NRT,294.5,2.93,D
8.3942,80.80408,338.84,0.46,0.39,2026-09-10,820,N,VIIRS,n,2.0NRT,300.56,5.67,D
8.41038,80.19921,339.08,0.43,0.38,2026-09-10,820,N,VIIRS,n,2.0NRT,305.36,4.97,D
8.43785,77.62556,341.99,0.38,0.36,2026-09-10,820,N,VIIRS,n,2.0NRT,309.16,4.26,D
8.45284,80.87688,332.17,0.46,0.39,2026-09-10,820,N,VIIRS,l,2.0NRT,304.06,8.25,D
8.46766,80.80201,339.12,0.46,0.39,2026-09-10,820,N,VIIRS,n,2.0NRT,305,4.16,D
8.46776,80.79813,338.08,0.46,0.39,2026-09-10,820,N,VIIRS,n,2.0NRT,303.85,4.55,D
8.46835,80.80231,339.6,0.46,0.39,2026-09-10,820,N,VIIRS,n,2.0NRT,304.95,8.58,D
8.47128,80.80149,339.5,0.46,0.39,2026-09-10,820,N,VIIRS,n,2.0NRT,304.86,4.16,D
8.4756,80.77567,339.79,0.46,0.39,2026-09-10,820,N,VIIRS,n,2.0NRT,305.68,5.95,D
8.47682,80.75847,339.57,0.46,0.39,2026-09-10,820,N,VIIRS,n,2.0NRT,304.2,6.59,D
8.48641,80.82534,367,0.46,0.39,2026-09-10,820,N,VIIRS,h,2.0NRT,305.03,12.4,D
8.48767,80.4807,345.07,0.44,0.39,2026-09-10,820,N,VIIRS,n,2.0NRT,306.45,6.4,D
8.48885,80.48875,342.79,0.45,0.39,2026-09-10,820,N,VIIRS,n,2.0NRT,305.39,3.58,D
8.49122,80.48016,340.3,0.44,0.39,2026-09-10,820,N,VIIRS,n,2.0NRT,305.8,5.86,D
8.50423,80.27431,346.53,0.44,0.38,2026-09-10,820,N,VIIRS,n,2.0NRT,307.3,5.29,D
8.5093,80.33444,341.91,0.44,0.38,2026-09-10,820,N,VIIRS,n,2.0NRT,303.3,6.72,D
8.50944,80.33411,345.66,0.44,0.38,2026-09-10,820,N,VIIRS,n,2.0NRT,303.53,6.54,D
8.51284,80.33392,346.92,0.44,0.38,2026-09-10,820,N,VIIRS,n,2.0NRT,306.11,21.3,D
8.52043,80.57953,336.56,0.45,0.39,2026-09-10,820,N,VIIRS,n,2.0NRT,303.71,3.76,D
8.53261,80.71205,336.2,0.46,0.39,2026-09-10,820,N,VIIRS,l,2.0NRT,306.72,5.46,D
8.53792,80.43253,331.57,0.44,0.39,2026-09-10,820,N,VIIRS,l,2.0NRT,303.96,2.49,D
8.54136,80.84736,337.83,0.46,0.39,2026-09-10,820,N,VIIRS,n,2.0NRT,306.3,5.93,D
8.55833,80.86211,335.05,0.46,0.39,2026-09-10,820,N,VIIRS,n,2.0NRT,304.87,6.56,D
8.55859,80.7635,341.51,0.46,0.39,2026-09-10,820,N,VIIRS,n,2.0NRT,303.25,4.72,D
8.56196,80.86156,344.49,0.46,0.39,2026-09-10,820,N,VIIRS,n,2.0NRT,306.27,7.19,D
8.56509,80.73277,343.06,0.46,0.39,2026-09-10,820,N,VIIRS,n,2.0NRT,301.79,7.73,D
8.56649,80.7332,343.68,0.46,0.39,2026-09-10,820,N,VIIRS,n,2.0NRT,300.38,6.92,D
8.56803,80.48994,334.55,0.45,0.39,2026-09-10,820,N,VIIRS,l,2.0NRT,307.25,4.61,D
8.58175,80.3605,335.68,0.44,0.38,2026-09-10,820,N,VIIRS,n,2.0NRT,302.65,4.48,D
8.59828,80.34993,341.5,0.44,0.38,2026-09-10,820,N,VIIRS,n,2.0NRT,304.18,3.94,D
8.60132,80.66886,334.18,0.45,0.39,2026-09-10,820,N,VIIRS,n,2.0NRT,304.01,4.42,D
8.61125,80.33987,335.77,0.44,0.38,2026-09-10,820,N,VIIRS,l,2.0NRT,306.63,2.49,D
8.62137,77.9171,337.25,0.38,0.36,2026-09-10,820,N,VIIRS,n,2.0NRT,306.6,4.2,D
8.65117,80.70818,338.92,0.46,0.39,2026-09-10,820,N,VIIRS,n,2.0NRT,304.68,4.04,D
8.66123,80.41534,338.52,0.44,0.39,2026-09-10,820,N,VIIRS,n,2.0NRT,305.15,3.02,D
8.67276,80.85483,337.22,0.46,0.39,2026-09-10,820,N,VIIRS,n,2.0NRT,300.22,3.16,D
8.67484,80.76864,337.9,0.46,0.39,2026-09-10,820,N,VIIRS,n,2.0NRT,305.5,4.03,D
8.67558,80.76973,340.04,0.46,0.39,2026-09-10,820,N,VIIRS,n,2.0NRT,305.05,5.79,D
8.67813,80.65878,336.32,0.46,0.39,2026-09-10,820,N,VIIRS,n,2.0NRT,304.96,3.84,D
8.68441,80.27705,342.09,0.44,0.38,2026-09-10,820,N,VIIRS,n,2.0NRT,306.37,3.39,D
8.685,80.28103,338.17,0.44,0.38,2026-09-10,820,N,VIIRS,n,2.0NRT,305.32,4.18,D
8.7021,80.74874,336.23,0.46,0.39,2026-09-10,820,N,VIIRS,n,2.0NRT,303.39,3.75,D
8.70693,80.80807,335.98,0.46,0.39,2026-09-10,820,N,VIIRS,n,2.0NRT,304.57,2.76,D
8.70911,80.24902,334.26,0.44,0.38,2026-09-10,820,N,VIIRS,l,2.0NRT,307.35,3.08,D
8.70923,80.24919,334.92,0.44,0.38,2026-09-10,820,N,VIIRS,l,2.0NRT,307.37,3.06,D
8.7117,80.66238,334.47,0.46,0.39,2026-09-10,820,N,VIIRS,n,2.0NRT,302.41,4.72,D
8.71204,80.24454,336.81,0.44,0.38,2026-09-10,820,N,VIIRS,n,2.0NRT,305.32,3.08,D
8.71219,80.2447,335.1,0.44,0.38,2026-09-10,820,N,VIIRS,n,2.0NRT,304.97,3.06,D
8.7123,80.66652,340,0.46,0.39,2026-09-10,820,N,VIIRS,n,2.0NRT,306.96,8.84,D
8.77444,77.74644,341.85,0.38,0.36,2026-09-10,820,N,VIIRS,l,2.0NRT,311.95,6.31,D
8.80572,81.10435,330.56,0.48,0.4,2026-09-10,820,N,VIIRS,n,2.0NRT,300.15,3.22,D
8.82125,80.62144,349.82,0.45,0.39,2026-09-10,820,N,VIIRS,n,2.0NRT,310.66,23.1,D
8.82185,80.62557,343.05,0.45,0.39,2026-09-10,820,N,VIIRS,n,2.0NRT,308.97,30.71,D
8.82484,80.62092,347.64,0.45,0.39,2026-09-10,820,N,VIIRS,n,2.0NRT,305.87,23.1,D
8.83364,80.99052,342.89,0.47,0.4,2026-09-10,820,N,VIIRS,n,2.0NRT,302.61,127.29,D
8.83971,80.33202,332.94,0.44,0.39,2026-09-10,820,N,VIIRS,l,2.0NRT,303.36,5.77,D
8.86026,80.637,348.23,0.46,0.39,2026-09-10,820,N,VIIRS,n,2.0NRT,307.85,6.81,D
8.86325,80.85946,333.62,0.47,0.39,2026-09-10,820,N,VIIRS,l,2.0NRT,305.27,1.91,D
8.86386,80.63649,340.56,0.46,0.39,2026-09-10,820,N,VIIRS,n,2.0NRT,303.74,6.81,D
8.87069,80.70781,334.98,0.46,0.39,2026-09-10,820,N,VIIRS,n,2.0NRT,304.23,3.94,D
8.88031,80.46239,342.56,0.45,0.39,2026-09-10,820,N,VIIRS,n,2.0NRT,303.66,6.99,D
8.88205,80.68487,332.61,0.46,0.39,2026-09-10,820,N,VIIRS,l,2.0NRT,303.11,2.26,D
8.88389,80.46188,344.24,0.45,0.39,2026-09-10,820,N,VIIRS,n,2.0NRT,304.97,8.51,D
8.90645,80.56729,340.11,0.45,0.39,2026-09-10,820,N,VIIRS,n,2.0NRT,307.24,10.52,D
8.92134,80.41907,336.21,0.45,0.39,2026-09-10,820,N,VIIRS,n,2.0NRT,305.02,5,D
8.92612,80.47646,336.51,0.45,0.39,2026-09-10,820,N,VIIRS,l,2.0NRT,307.8,7.81,D
8.93338,80.57601,336.33,0.45,0.39,2026-09-10,820,N,VIIRS,l,2.0NRT,306.69,6.9,D
8.94576,80.46112,339.77,0.45,0.39,2026-09-10,820,N,VIIRS,n,2.0NRT,300.33,1.42,D
8.94933,80.4606,341.54,0.45,0.39,2026-09-10,820,N,VIIRS,n,2.0NRT,298.37,2.29,D
8.95275,80.68353,346.51,0.46,0.39,2026-09-10,820,N,VIIRS,n,2.0NRT,304.99,5.84,D
8.9596,80.78125,338.02,0.46,0.39,2026-09-10,820,N,VIIRS,n,2.0NRT,304.52,4.47,D
8.96166,80.89814,345.67,0.47,0.4,2026-09-10,820,N,VIIRS,n,2.0NRT,303.65,8.67,D
8.96323,80.78072,336.9,0.46,0.39,2026-09-10,820,N,VIIRS,n,2.0NRT,303.34,4.47,D
9.02902,80.24326,337.82,0.44,0.38,2026-09-10,820,N,VIIRS,n,2.0NRT,303.01,3.25,D
9.08842,80.89799,337.23,0.47,0.4,2026-09-10,820,N,VIIRS,n,2.0NRT,300.69,6.03,D
9.20652,80.63198,337.87,0.46,0.39,2026-09-10,820,N,VIIRS,n,2.0NRT,301.32,3.51,D
9.3272,80.36589,330.69,0.45,0.39,2026-09-10,820,N,VIIRS,n,2.0NRT,296.03,1.52,D
9.00893,77.79801,345.28,0.38,0.36,2026-09-10,822,N,VIIRS,n,2.0NRT,310.28,14.15,D
9.24757,77.89983,341.57,0.39,0.36,2026-09-10,822,N,VIIRS,n,2.0NRT,309.81,9.52,D
9.3672,80.43958,343.23,0.45,0.39,2026-09-10,822,N,VIIRS,n,2.0NRT,297.46,5.1,D
9.41302,80.28743,338.83,0.45,0.39,2026-09-10,822,N,VIIRS,n,2.0NRT,286.25,3.99,D
9.81509,78.59298,339.48,0.4,0.37,2026-09-10,822,N,VIIRS,n,2.0NRT,295.91,4.08,D
13.56128,76.31514,331.81,0.38,0.36,2026-09-10,822,N,VIIRS,n,2.0NRT,298.1,3.46,D
14.14186,76.48392,337.51,0.38,0.36,2026-09-10,822,N,VIIRS,n,2.0NRT,302.14,2.44,D
14.80579,79.02069,336.34,0.44,0.39,2026-09-10,822,N,VIIRS,n,2.0NRT,286.24,2.74,D
14.80636,79.0248,330.18,0.44,0.39,2026-09-10,822,N,VIIRS,n,2.0NRT,284.81,3.33,D
15.20712,75.79704,339.7,0.38,0.36,2026-09-10,822,N,VIIRS,n,2.0NRT,309.26,1.84,D
15.21043,75.79651,337.14,0.38,0.36,2026-09-10,822,N,VIIRS,l,2.0NRT,310.41,3.93,D
15.22379,78.51904,337.52,0.43,0.38,2026-09-10,822,N,VIIRS,n,2.0NRT,287.73,3.06,D
15.22531,76.76296,334.33,0.39,0.36,2026-09-10,822,N,VIIRS,n,2.0NRT,298.46,1.81,D
15.40017,77.02663,336.03,0.39,0.36,2026-09-10,822,N,VIIRS,n,2.0NRT,302.55,3.03,D
15.82326,76.42226,332.69,0.39,0.36,2026-09-10,822,N,VIIRS,n,2.0NRT,301.42,2.48,D
15.87121,80.60237,331.5,0.54,0.42,2026-09-10,822,N,VIIRS,n,2.0NRT,290.75,4.57,D
16.61314,75.89799,338.35,0.38,0.36,2026-09-10,824,N,VIIRS,n,2.0NRT,300.68,2.37,D
17.30929,77.62043,330.79,0.41,0.37,2026-09-10,824,N,VIIRS,n,2.0NRT,295.01,3.08,D
17.69838,75.36028,331.99,0.38,0.36,2026-09-10,824,N,VIIRS,n,2.0NRT,301.84,1.85,D
17.97609,74.36363,337.35,0.39,0.36,2026-09-10,824,N,VIIRS,n,2.0NRT,303.35,3.02,D
18.86072,76.52007,336.81,0.4,0.37,2026-09-10,824,N,VIIRS,n,2.0NRT,297.42,4.29,D
18.8621,76.51934,341.23,0.4,0.37,2026-09-10,824,N,VIIRS,n,2.0NRT,298.75,4.65,D
21.10157,72.63602,344.18,0.41,0.37,2026-09-10,824,N,VIIRS,n,2.0NRT,304.57,16.7,D
21.10355,72.64788,337.26,0.41,0.37,2026-09-10,824,N,VIIRS,l,2.0NRT,304.42,6.53,D
21.10696,72.64724,348.07,0.41,0.37,2026-09-10,824,N,VIIRS,n,2.0NRT,305.53,6.53,D
21.74492,83.84295,340.64,0.34,0.56,2026-09-10,824,N,VIIRS,n,2.0NRT,285.48,3.79,D
21.75016,83.84244,357.41,0.34,0.56,2026-09-10,824,N,VIIRS,n,2.0NRT,286.1,10.37,D
21.80279,83.89226,329.17,0.35,0.57,2026-09-10,824,N,VIIRS,n,2.0NRT,284.55,2.34,D
23.75989,86.40087,329.67,0.53,0.67,2026-09-10,824,N,VIIRS,n,2.0NRT,286.63,6.03,D
23.80222,86.32877,333.14,0.52,0.67,2026-09-10,824,N,VIIRS,n,2.0NRT,286.42,4.63,D
23.80455,86.32764,330.42,0.52,0.67,2026-09-10,824,N,VIIRS,n,2.0NRT,286.03,3.46,D
22.92957,70.10769,338.96,0.5,0.41,2026-09-10,826,N,VIIRS,n,2.0NRT,306.49,7.09,D
23.10672,72.22006,332.7,0.41,0.37,2026-09-10,826,N,VIIRS,l,2.0NRT,305.1,2.57,D
25.61475,75.90067,339.91,0.42,0.38,2026-09-10,826,N,VIIRS,n,2.0NRT,300.69,2.98,D
25.78353,73.69852,336.77,0.38,0.36,2026-09-10,826,N,VIIRS,n,2.0NRT,305.99,2.65,D
26.07044,74.30474,332.86,0.39,0.36,2026-09-10,826,N,VIIRS,l,2.0NRT,305.89,1.79,D
28.03975,75.82047,335.44,0.44,0.38,2026-09-10,826,N,VIIRS,n,2.0NRT,306.52,2.28,D
28.77153,71.01676,346.77,0.4,0.37,2026-09-10,826,N,VIIRS,n,2.0NRT,309.92,8.4,D
29.7994,72.815,333.61,0.38,0.36,2026-09-10,826,N,VIIRS,n,2.0NRT,306.13,1.64,D
29.89805,72.95081,334.93,0.39,0.36,2026-09-10,826,N,VIIRS,n,2.0NRT,303.88,1.75,D
30.68053,73.567,330.34,0.4,0.37,2026-09-10,828,N,VIIRS,l,2.0NRT,300.76,2.9,D
30.68111,73.57111,347.27,0.4,0.37,2026-09-10,828,N,VIIRS,n,2.0NRT,305.69,19.49,D
30.68446,73.57047,342.38,0.4,0.37,2026-09-10,828,N,VIIRS,n,2.0NRT,299.15,5.8,D
30.72232,73.71585,333.75,0.4,0.37,2026-09-10,828,N,VIIRS,n,2.0NRT,300.29,3.1,D
31.12557,74.68327,332.7,0.42,0.38,2026-09-10,828,N,VIIRS,n,2.0NRT,304.31,2.01,D
31.13243,74.62755,345.78,0.42,0.38,2026-09-10,828,N,VIIRS,n,2.0NRT,300.28,6.93,D
31.3569,75.92867,330.03,0.47,0.4,2026-09-10,828,N,VIIRS,n,2.0NRT,298.91,2.8,D
31.40409,73.5051,332.52,0.4,0.37,2026-09-10,828,N,VIIRS,l,2.0NRT,302.92,2.73,D
31.41759,75.8811,338.02,0.47,0.4,2026-09-10,828,N,VIIRS,n,2.0NRT,299.78,7.11,D
31.53902,74.82557,336.36,0.43,0.38,2026-09-10,828,N,VIIRS,n,2.0NRT,303.77,3.68,D
31.56346,74.60093,335.37,0.42,0.38,2026-09-10,828,N,VIIRS,n,2.0NRT,302.63,4.09,D
31.62473,75.01824,346.08,0.44,0.38,2026-09-10,828,N,VIIRS,n,2.0NRT,301.81,7.26,D
31.62693,72.4276,336.32,0.39,0.36,2026-09-10,828,N,VIIRS,n,2.0NRT,305.2,3.76,D
31.63024,72.42693,332.05,0.39,0.36,2026-09-10,828,N,VIIRS,l,2.0NRT,302.37,3.76,D
31.6471,75.02378,338.54,0.44,0.38,2026-09-10,828,N,VIIRS,n,2.0NRT,301.85,5.25,D
31.73356,74.64149,332.83,0.43,0.38,2026-09-10,828,N,VIIRS,n,2.0NRT,299.69,2.77,D
31.76258,74.94447,336.14,0.44,0.38,2026-09-10,828,N,VIIRS,n,2.0NRT,300.54,3.39,D
32.62136,71.96693,337.69,0.38,0.36,2026-09-10,828,N,VIIRS,n,2.0NRT,304.54,4,D
32.8899,71.61734,331.02,0.38,0.36,2026-09-10,828,N,VIIRS,l,2.0NRT,304.96,1.94,D
27.31865,95.26725,314.82,0.41,0.45,2026-09-10,1910,N,VIIRS,n,2.0NRT,282.7,1.4,N
27.46212,95.47769,305.97,0.4,0.44,2026-09-10,1910,N,VIIRS,n,2.0NRT,288.92,0.51,N
27.60698,95.40187,306.35,0.4,0.44,2026-09-10,1910,N,VIIRS,n,2.0NRT,290.62,1.92,N
30.07032,96.97918,298.34,0.53,0.42,2026-09-10,1910,N,VIIRS,n,2.0NRT,286.18,1.14,N
25.54185,91.23533,298.11,0.34,0.56,2026-09-10,1913,N,VIIRS,n,2.0NRT,280.77,0.46,N
31.25028,76.92976,306.25,0.38,0.36,2026-09-10,2051,N,VIIRS,n,2.0NRT,290.73,0.53,N
31.32711,76.89539,305.23,0.38,0.36,2026-09-10,2051,N,VIIRS,n,2.0NRT,291.18,0.67,N
31.61421,74.37569,311.5,0.42,0.38,2026-09-10,2051,N,VIIRS,n,2.0NRT,296.76,1.47,N
32.57674,72.56385,311.66,0.51,0.41,2026-09-10,2051,N,VIIRS,n,2.0NRT,296.73,2.56,N
32.71613,72.77508,306.74,0.5,0.41,2026-09-10,2051,N,VIIRS,n,2.0NRT,295.06,0.99,N
33.26874,71.30938,320.7,0.4,0.44,2026-09-10,2051,N,VIIRS,n,2.0NRT,294.41,0.93,N
33.69003,72.71127,307.82,0.52,0.41,2026-09-10,2051,N,VIIRS,n,2.0NRT,296.36,1.58,N
36.99753,80.1908,299.43,0.4,0.37,2026-09-10,2051,N,VIIRS,n,2.0NRT,287.05,1.21,N
18.68038,73.03343,304.73,0.39,0.36,2026-09-10,2053,N,VIIRS,n,2.0NRT,291.97,0.53,N
18.80503,74.26031,309.43,0.39,0.36,2026-09-10,2053,N,VIIRS,n,2.0NRT,291.28,0.97,N
19.36955,71.35328,316.5,0.43,0.38,2026-09-10,2053,N,VIIRS,n,2.0NRT,292.03,2.85,N
19.41766,71.39006,320.2,0.43,0.38,2026-09-10,2053,N,VIIRS,n,2.0NRT,292.66,2.82,N
19.52787,71.29878,311.15,0.43,0.38,2026-09-10,2053,N,VIIRS,n,2.0NRT,293.79,2.6,N
19.57193,71.36428,320.24,0.43,0.38,2026-09-10,2053,N,VIIRS,n,2.0NRT,292.68,3.3,N
19.93596,73.71201,330.68,0.38,0.36,2026-09-10,2053,N,VIIRS,n,2.0NRT,280.67,3.98,N
20.96593,86.01443,305.09,0.49,0.65,2026-09-10,2053,N,VIIRS,n,2.0NRT,265.86,1.97,N
20.97001,86.01376,311.77,0.49,0.65,2026-09-10,2053,N,VIIRS,n,2.0NRT,264.77,2,N
24.57784,74.80502,305.14,0.38,0.36,2026-09-10,2053,N,VIIRS,n,2.0NRT,291.46,0.49,N
24.65848,73.87827,306.98,0.39,0.36,2026-09-10,2053,N,VIIRS,n,2.0NRT,295.98,1.02,N
24.6893,73.00108,305.46,0.41,0.37,2026-09-10,2053,N,VIIRS,n,2.0NRT,294.36,1.13,N
24.6917,74.68143,306.75,0.39,0.36,2026-09-10,2053,N,VIIRS,n,2.0NRT,295.18,1.21,N
24.76389,74.60896,320.46,0.39,0.36,2026-09-10,2053,N,VIIRS,n,2.0NRT,297.23,2.49,N
24.8193,73.09328,306.93,0.41,0.37,2026-09-10,2053,N,VIIRS,n,2.0NRT,293.59,1.07,N
24.93236,74.63454,314.43,0.39,0.36,2026-09-10,2053,N,VIIRS,n,2.0NRT,295.74,1.16,N
25.38889,68.58051,319.87,0.46,0.47,2026-09-10,2053,N,VIIRS,n,2.0NRT,295.4,1.91,N
25.78426,73.6976,309.18,0.4,0.37,2026-09-10,2053,N,VIIRS,n,2.0NRT,295.99,1.1,N
26.25889,74.09734,312.07,0.4,0.37,2026-09-10,2053,N,VIIRS,n,2.0NRT,297.38,0.86,N
26.29624,74.1245,306.91,0.4,0.37,2026-09-10,2053,N,VIIRS,n,2.0NRT,295.86,0.96,N
26.60533,73.68541,309.06,0.41,0.37,2026-09-10,2053,N,VIIRS,n,2.0NRT,297.89,0.55,N
26.87366,73.51543,308.26,0.41,0.37,2026-09-10,2053,N,VIIRS,n,2.0NRT,296.65,0.82,N
26.87709,73.51604,309.82,0.41,0.37,2026-09-10,2053,N,VIIRS,n,2.0NRT,296.6,1.48,N
26.926,73.46916,308.33,0.42,0.37,2026-09-10,2053,N,VIIRS,n,2.0NRT,296.68,1.04,N
27.28744,73.8385,309.07,0.41,0.37,2026-09-10,2053,N,VIIRS,n,2.0NRT,297.07,1.43,N
27.66628,76.12898,308.26,0.38,0.36,2026-09-10,2053,N,VIIRS,n,2.0NRT,295.96,0.88,N
27.66895,76.13351,308.11,0.38,0.36,2026-09-10,2053,N,VIIRS,n,2.0NRT,297.59,0.88,N
27.66957,76.12965,308.26,0.38,0.36,2026-09-10,2053,N,VIIRS,n,2.0NRT,297.49,0.88,N
28.37354,77.22604,307.78,0.39,0.36,2026-09-10,2053,N,VIIRS,n,2.0NRT,293.71,3.11,N
28.42366,69.70142,315.85,0.43,0.46,2026-09-10,2053,N,VIIRS,n,2.0NRT,297.28,1.87,N
28.72888,77.15527,309.68,0.39,0.36,2026-09-10,2053,N,VIIRS,n,2.0NRT,294.61,0.78,N
28.77258,76.70015,312.8,0.39,0.36,2026-09-10,2053,N,VIIRS,n,2.0NRT,295.03,2.26,N
28.83644,77.14004,308.99,0.39,0.36,2026-09-10,2053,N,VIIRS,n,2.0NRT,294.18,2.12,N
29.47655,76.85686,309.82,0.39,0.36,2026-09-10,2053,N,VIIRS,n,2.0NRT,296.09,1.21,N
15.16912,76.37991,307.17,0.48,0.4,2026-09-10,2055,N,VIIRS,n,2.0NRT,290.68,2.33,N
15.33521,76.28432,305.33,0.47,0.4,2026-09-10,2055,N,VIIRS,n,2.0NRT,290.32,0.93,N
15.57361,73.74066,313.66,0.39,0.36,2026-09-10,2055,N,VIIRS,n,2.0NRT,281.25,0.97,N
21.10259,72.63643,306.8,0.4,0.37,2026-09-10,2055,N,VIIRS,n,2.0NRT,243.1,0.76,N
21.10481,72.64471,306.44,0.4,0.37,2026-09-10,2055,N,VIIRS,n,2.0NRT,251.85,0.82,N
21.6959,72.5407,314.76,0.41,0.37,2026-09-10,2055,N,VIIRS,n,2.0NRT,290.7,0.8,N
21.6993,72.54128,309.73,0.41,0.37,2026-09-10,2055,N,VIIRS,n,2.0NRT,290.73,0.8,N
22.33524,69.86731,306.78,0.53,0.42,2026-09-10,2055,N,VIIRS,n,2.0NRT,295.53,3.02,N
22.41582,69.04021,311.69,0.4,0.44,2026-09-10,2055,N,VIIRS,n,2.0NRT,294.15,2.07,N
22.65436,70.98223,306.36,0.47,0.4,2026-09-10,2055,N,VIIRS,n,2.0NRT,293.47,1.6,N
22.85678,71.53668,309.02,0.45,0.39,2026-09-10,2055,N,VIIRS,n,2.0NRT,294.71,0.66,N
22.90592,69.70102,306.49,0.55,0.43,2026-09-10,2055,N,VIIRS,n,2.0NRT,294.15,2.16,N
22.93274,69.70058,313.09,0.55,0.43,2026-09-10,2055,N,VIIRS,n,2.0NRT,294.77,2.53,N
22.93341,69.69515,312.82,0.56,0.43,2026-09-10,2055,N,VIIRS,n,2.0NRT,294.57,2.36,N
22.93421,69.69978,312.72,0.55,0.43,2026-09-10,2055,N,VIIRS,n,2.0NRT,294.76,4.31,N
35.96773,68.68616,298.45,0.61,0.71,2026-09-10,2229,N,VIIRS,n,2.0NRT,288.04,1.14,N
27.5995,95.3554,328.24,0.52,0.5,2026-09-11,627,N,VIIRS,l,2.0NRT,299.28,11.23,D
27.59978,95.35804,330.38,0.52,0.5,2026-09-11,627,N,VIIRS,l,2.0NRT,300.42,8.12,D
27.76703,96.05153,329.29,0.47,0.48,2026-09-11,627,N,VIIRS,n,2.0NRT,294.37,2.21,D
27.92588,96.77444,327.85,0.42,0.45,2026-09-11,627,N,VIIRS,n,2.0NRT,294.95,2.76,D
27.93463,96.77489,334.01,0.42,0.45,2026-09-11,627,N,VIIRS,n,2.0NRT,294.45,4.73,D
27.95016,95.23589,330.52,0.52,0.5,2026-09-11,627,N,VIIRS,n,2.0NRT,294.75,2.44,D
6.23098,80.86099,340.28,0.42,0.38,2026-09-11,801,N,VIIRS,l,2.0NRT,302.41,5.67,D
6.23561,80.868,335.93,0.42,0.38,2026-09-11,801,N,VIIRS,l,2.0NRT,302.32,6.16,D
6.23848,80.86372,330.2,0.42,0.38,2026-09-11,801,N,VIIRS,l,2.0NRT,301.89,3.23,D
6.32772,80.99232,367,0.41,0.37,2026-09-11,801,N,VIIRS,h,2.0NRT,306.14,9.46,D
6.3591,80.94524,334.14,0.42,0.37,2026-09-11,801,N,VIIRS,l,2.0NRT,303.23,4.04,D
6.43032,81.0219,342.04,0.41,0.37,2026-09-11,801,N,VIIRS,n,2.0NRT,304.06,5.1,D
6.45361,80.75334,331.56,0.42,0.38,2026-09-11,801,N,VIIRS,l,2.0NRT,300.6,4.69,D
6.55016,80.87274,335.09,0.42,0.37,2026-09-11,801,N,VIIRS,l,2.0NRT,302.82,6.59,D
6.87345,81.516,332.62,0.4,0.37,2026-09-11,801,N,VIIRS,l,2.0NRT,306.82,3.28,D
6.89327,81.66647,343.25,0.39,0.37,2026-09-11,801,N,VIIRS,l,2.0NRT,311.38,9.06,D
6.89663,81.66595,341.98,0.39,0.37,2026-09-11,801,N,VIIRS,l,2.0NRT,311.66,10.02,D
6.97968,81.59059,334.92,0.4,0.37,2026-09-11,801,N,VIIRS,l,2.0NRT,306.98,4.62,D
7.00834,81.58915,345.32,0.4,0.37,2026-09-11,801,N,VIIRS,n,2.0NRT,306.58,8.77,D
7.04885,81.36258,331.59,0.4,0.37,2026-09-11,801,N,VIIRS,l,2.0NRT,303,2.5,D
7.28462,81.12443,335.24,0.4,0.37,2026-09-11,801,N,VIIRS,l,2.0NRT,306.9,5.72,D
7.28845,81.79851,340.97,0.39,0.36,2026-09-11,801,N,VIIRS,n,2.0NRT,305.46,3.59,D
7.29179,81.79798,348.4,0.39,0.36,2026-09-11,801,N,VIIRS,n,2.0NRT,305.89,3.59,D
7.29222,80.90644,350.96,0.41,0.37,2026-09-11,801,N,VIIRS,n,2.0NRT,305.47,9.69,D
7.35999,80.85026,331.7,0.41,0.37,2026-09-11,801,N,VIIRS,n,2.0NRT,299.18,2.58,D
7.39979,81.1692,341.17,0.4,0.37,2026-09-11,801,N,VIIRS,n,2.0NRT,307.69,5.2,D
7.43177,81.0183,340.51,0.41,0.37,2026-09-11,801,N,VIIRS,n,2.0NRT,306.89,4.46,D
7.4521,81.65658,334.81,0.39,0.36,2026-09-11,801,N,VIIRS,l,2.0NRT,304.7,2.95,D
7.45285,81.26469,332.56,0.4,0.37,2026-09-11,801,N,VIIRS,l,2.0NRT,305.13,1.51,D
7.46692,81.26621,334.62,0.4,0.37,2026-09-11,801,N,VIIRS,l,2.0NRT,306.36,1.97,D
7.49562,81.22058,338.41,0.4,0.37,2026-09-11,801,N,VIIRS,l,2.0NRT,307.55,4.67,D
7.499,81.22006,341.23,0.4,0.37,2026-09-11,801,N,VIIRS,n,2.0NRT,307.27,4.67,D
7.50022,81.00719,340.39,0.41,0.37,2026-09-11,801,N,VIIRS,n,2.0NRT,309.37,13.75,D
7.51028,81.56757,336.06,0.39,0.36,2026-09-11,801,N,VIIRS,l,2.0NRT,303.96,3.6,D
7.56389,80.63634,332.02,0.42,0.37,2026-09-11,801,N,VIIRS,n,2.0NRT,297.18,2.95,D
7.60552,80.9675,347.95,0.41,0.37,2026-09-11,801,N,VIIRS,l,2.0NRT,306.08,10.24,D
7.61301,81.01514,333.74,0.4,0.37,2026-09-11,801,N,VIIRS,l,2.0NRT,302.04,2.33,D
7.61714,80.84123,330.79,0.41,0.37,2026-09-11,801,N,VIIRS,l,2.0NRT,304.92,4.5,D
7.71343,80.83015,352.48,0.41,0.37,2026-09-11,801,N,VIIRS,n,2.0NRT,308.16,12.23,D
7.79306,81.22885,347.93,0.4,0.37,2026-09-11,801,N,VIIRS,n,2.0NRT,308,14.16,D
7.82195,81.20905,330.55,0.4,0.37,2026-09-11,801,N,VIIRS,l,2.0NRT,303.08,2.83,D
7.82437,80.31818,330.57,0.42,0.38,2026-09-11,801,N,VIIRS,n,2.0NRT,298.54,2.96,D
7.8662,80.01651,350.23,0.44,0.38,2026-09-11,801,N,VIIRS,l,2.0NRT,303.58,10.98,D
7.89431,80.01201,356.38,0.44,0.38,2026-09-11,801,N,VIIRS,l,2.0NRT,305.56,24.01,D
7.9255,81.19964,349.98,0.4,0.37,2026-09-11,801,N,VIIRS,l,2.0NRT,308.62,11.34,D
7.92887,81.1991,352.39,0.4,0.37,2026-09-11,801,N,VIIRS,l,2.0NRT,305.79,11.34,D
7.93462,80.06189,340.51,0.43,0.38,2026-09-11,801,N,VIIRS,n,2.0NRT,302.41,3.76,D
7.95252,80.10713,333.12,0.43,0.38,2026-09-11,801,N,VIIRS,l,2.0NRT,304.43,3.17,D
7.95602,80.10657,333.06,0.43,0.38,2026-09-11,801,N,VIIRS,l,2.0NRT,302.4,3.17,D
7.95865,81.19073,340.02,0.4,0.37,2026-09-11,801,N,VIIRS,l,2.0NRT,307.92,5.49,D
7.96736,80.03738,330.39,0.43,0.38,2026-09-11,801,N,VIIRS,l,2.0NRT,304.68,4.65,D
7.9696,80.02896,332.52,0.43,0.38,2026-09-11,801,N,VIIRS,l,2.0NRT,306.69,5.96,D
7.99013,81.21532,330.13,0.4,0.37,2026-09-11,801,N,VIIRS,l,2.0NRT,303.31,1.86,D
8.02441,81.07615,334.31,0.4,0.37,2026-09-11,801,N,VIIRS,n,2.0NRT,303.35,1.4,D
8.02976,80.57709,332.33,0.41,0.37,2026-09-11,801,N,VIIRS,l,2.0NRT,299.18,3.02,D
8.13688,79.99423,334.1,0.43,0.38,2026-09-11,801,N,VIIRS,l,2.0NRT,300.19,4.03,D
8.1375,79.99817,333.52,0.43,0.38,2026-09-11,801,N,VIIRS,l,2.0NRT,300.43,4.32,D
8.14856,81.34052,350.57,0.39,0.37,2026-09-11,801,N,VIIRS,n,2.0NRT,309.71,14.37,D
8.15112,80.08427,339.28,0.43,0.38,2026-09-11,801,N,VIIRS,l,2.0NRT,303.94,11.03,D
8.20834,79.98703,330.92,0.43,0.38,2026-09-11,801,N,VIIRS,l,2.0NRT,303.86,6.63,D
8.22219,81.02239,333.5,0.4,0.37,2026-09-11,801,N,VIIRS,l,2.0NRT,305.01,8.9,D
8.23207,80.26948,335.58,0.42,0.38,2026-09-11,801,N,VIIRS,n,2.0NRT,302.72,2.64,D
8.29306,80.13734,335.15,0.43,0.38,2026-09-11,801,N,VIIRS,l,2.0NRT,304.39,6.55,D
8.29397,80.13721,338.34,0.43,0.38,2026-09-11,801,N,VIIRS,l,2.0NRT,304.61,6.68,D
8.29414,80.21237,340.62,0.42,0.38,2026-09-11,801,N,VIIRS,n,2.0NRT,305.1,5.4,D
8.29746,80.13666,337.35,0.43,0.38,2026-09-11,801,N,VIIRS,l,2.0NRT,305.64,7.6,D
8.29808,80.14052,334.76,0.43,0.38,2026-09-11,801,N,VIIRS,l,2.0NRT,302.53,8.29,D
8.30266,77.63816,339.74,0.57,0.43,2026-09-11,801,N,VIIRS,n,2.0NRT,306.69,6.52,D
8.30716,80.17469,336.3,0.43,0.38,2026-09-11,801,N,VIIRS,l,2.0NRT,303.52,5.12,D
8.31788,80.3184,340.09,0.42,0.38,2026-09-11,801,N,VIIRS,n,2.0NRT,305.3,4.56,D
8.31956,80.318,337.92,0.42,0.38,2026-09-11,801,N,VIIRS,n,2.0NRT,304.3,4.19,D
8.33641,80.40082,348.73,0.42,0.37,2026-09-11,801,N,VIIRS,n,2.0NRT,306.09,15.22,D
8.34312,80.37651,331.32,0.42,0.38,2026-09-11,801,N,VIIRS,l,2.0NRT,302.2,2.73,D
8.36264,80.8055,343.18,0.41,0.37,2026-09-11,801,N,VIIRS,n,2.0NRT,302.36,8.12,D
8.37158,80.75124,339.8,0.41,0.37,2026-09-11,801,N,VIIRS,n,2.0NRT,303.14,2.94,D
8.37283,80.80388,334.55,0.41,0.37,2026-09-11,801,N,VIIRS,l,2.0NRT,304.24,5.02,D
8.38194,80.42064,342.58,0.42,0.37,2026-09-11,801,N,VIIRS,n,2.0NRT,305.42,6.01,D
8.3827,80.4476,336.19,0.42,0.37,2026-09-11,801,N,VIIRS,l,2.0NRT,302.4,9.25,D
8.39982,80.53334,343.33,0.41,0.37,2026-09-11,801,N,VIIRS,n,2.0NRT,303.19,5.51,D
8.40384,80.33569,335.28,0.42,0.38,2026-09-11,801,N,VIIRS,n,2.0NRT,300.08,2.95,D
8.42157,80.53754,338.26,0.41,0.37,2026-09-11,801,N,VIIRS,l,2.0NRT,303.11,3.49,D
8.42381,80.52951,340.72,0.41,0.37,2026-09-11,801,N,VIIRS,l,2.0NRT,306.3,7.21,D
8.47301,80.75362,334.21,0.41,0.37,2026-09-11,801,N,VIIRS,l,2.0NRT,305.83,3.54,D
8.47641,80.75307,337.22,0.41,0.37,2026-09-11,801,N,VIIRS,l,2.0NRT,305.28,3.54,D
8.48565,80.52334,331.03,0.41,0.37,2026-09-11,801,N,VIIRS,l,2.0NRT,299.19,2.29,D
8.49105,80.13333,333.92,0.43,0.38,2026-09-11,801,N,VIIRS,l,2.0NRT,302.95,9.01,D
8.49392,80.12891,332.86,0.43,0.38,2026-09-11,801,N,VIIRS,l,2.0NRT,301.85,2.45,D
8.5069,80.7668,334.95,0.41,0.37,2026-09-11,801,N,VIIRS,l,2.0NRT,306.06,4.02,D
8.50874,80.17788,332.71,0.42,0.38,2026-09-11,801,N,VIIRS,l,2.0NRT,307.19,7.63,D
8.51221,80.17732,341.24,0.42,0.38,2026-09-11,801,N,VIIRS,l,2.0NRT,304.78,6.13,D
8.58726,80.3494,333.52,0.42,0.37,2026-09-11,801,N,VIIRS,l,2.0NRT,305.25,4.77,D
8.61787,80.4757,333.68,0.41,0.37,2026-09-11,801,N,VIIRS,l,2.0NRT,305.79,5.99,D
8.61995,78.07992,330.34,0.53,0.42,2026-09-11,801,N,VIIRS,l,2.0NRT,302.72,4.45,D
8.64889,81.00204,334.53,0.4,0.37,2026-09-11,801,N,VIIRS,l,2.0NRT,304.04,5.13,D
8.68756,80.91789,340.72,0.4,0.37,2026-09-11,801,N,VIIRS,l,2.0NRT,303.61,5.86,D
8.71449,80.17688,338.27,0.42,0.38,2026-09-11,801,N,VIIRS,l,2.0NRT,302.39,4.68,D
8.72995,77.52225,334.04,0.57,0.43,2026-09-11,801,N,VIIRS,n,2.0NRT,297.74,3.73,D
8.77848,77.56741,338.43,0.57,0.43,2026-09-11,801,N,VIIRS,n,2.0NRT,300.49,2.92,D
8.92184,77.48255,331.84,0.57,0.43,2026-09-11,801,N,VIIRS,n,2.0NRT,297.5,8.51,D
8.96205,80.7947,332.62,0.4,0.37,2026-09-11,801,N,VIIRS,l,2.0NRT,303.5,8.02,D
8.97476,80.89706,337.02,0.4,0.37,2026-09-11,801,N,VIIRS,n,2.0NRT,300.7,8.49,D
9.38751,80.61357,339.15,0.4,0.37,2026-09-11,801,N,VIIRS,l,2.0NRT,298.09,8.08,D
18.21146,74.44026,330.24,0.42,0.45,2026-09-11,803,N,VIIRS,n,2.0NRT,298.3,5.36,D
18.26146,75.48334,335.52,0.54,0.42,2026-09-11,803,N,VIIRS,n,2.0NRT,300.47,5.57,D
18.69317,73.04006,329.01,0.5,0.49,2026-09-11,803,N,VIIRS,n,2.0NRT,294.1,4.98,D
21.1033,72.63795,337.6,0.48,0.48,2026-09-11,805,N,VIIRS,n,2.0NRT,295.6,5.89,D
21.10511,72.64705,344.32,0.48,0.48,2026-09-11,805,N,VIIRS,n,2.0NRT,297.72,9.15,D
21.1883,81.39214,331,0.41,0.37,2026-09-11,805,N,VIIRS,n,2.0NRT,295.11,5.07,D
21.92127,83.3507,340.46,0.5,0.41,2026-09-11,805,N,VIIRS,n,2.0NRT,296.01,9.06,D
23.16489,82.34189,332.83,0.46,0.39,2026-09-11,805,N,VIIRS,n,2.0NRT,292.37,6.1,D
26.77685,90.32755,332.52,0.5,0.66,2026-09-11,805,N,VIIRS,n,2.0NRT,291.5,3.91,D
26.77699,90.32763,331.36,0.5,0.66,2026-09-11,805,N,VIIRS,n,2.0NRT,291.43,2.81,D
25.27196,69.08585,340.6,0.33,0.55,2026-09-11,807,N,VIIRS,n,2.0NRT,302.6,3.64,D
25.71746,68.85942,367,0.33,0.55,2026-09-11,807,N,VIIRS,h,2.0NRT,307.76,14.77,D
25.71819,68.86267,331.61,0.33,0.55,2026-09-11,807,N,VIIRS,n,2.0NRT,302.36,11.22,D
25.86803,68.93196,367,0.32,0.55,2026-09-11,807,N,VIIRS,h,2.0NRT,305.35,7.12,D
25.86876,68.93517,344.54,0.32,0.55,2026-09-11,807,N,VIIRS,n,2.0NRT,304.8,8.03,D
25.86924,68.93317,367,0.32,0.55,2026-09-11,807,N,VIIRS,h,2.0NRT,306.44,7.52,D
26.95863,68.40443,336.38,0.33,0.55,2026-09-11,807,N,VIIRS,l,2.0NRT,308.41,2.82,D
27.63409,68.3868,355.68,0.32,0.55,2026-09-11,807,N,VIIRS,n,2.0NRT,307,5.17,D
27.63629,68.39639,343.12,0.32,0.55,2026-09-11,807,N,VIIRS,n,2.0NRT,305.53,2.22,D
27.63903,68.38539,367,0.32,0.55,2026-09-11,807,N,VIIRS,h,2.0NRT,305.86,6.07,D
28.05176,69.36261,336.11,0.55,0.51,2026-09-11,807,N,VIIRS,n,2.0NRT,307.66,5.06,D
28.05294,69.36815,344.23,0.55,0.51,2026-09-11,807,N,VIIRS,n,2.0NRT,309.87,5.06,D
29.13163,75.77078,331.51,0.4,0.37,2026-09-11,807,N,VIIRS,l,2.0NRT,305.14,3.84,D
30.48006,73.87495,331.99,0.44,0.38,2026-09-11,807,N,VIIRS,l,2.0NRT,306.6,2.48,D
30.72791,76.34161,333.5,0.39,0.36,2026-09-11,807,N,VIIRS,n,2.0NRT,296.18,1.3,D
30.87024,70.64391,346,0.41,0.45,2026-09-11,807,N,VIIRS,n,2.0NRT,306.81,6.05,D
30.87769,75.94084,344.92,0.39,0.36,2026-09-11,807,N,VIIRS,n,2.0NRT,302.48,3,D
30.98912,74.20541,336.52,0.42,0.38,2026-09-11,807,N,VIIRS,n,2.0NRT,304.31,3.03,D
31.25864,74.47987,333.68,0.41,0.37,2026-09-11,807,N,VIIRS,n,2.0NRT,301.87,2.36,D
31.45933,74.51919,335.67,0.41,0.37,2026-09-11,807,N,VIIRS,n,2.0NRT,302.05,2.97,D
31.59567,74.82895,333.66,0.4,0.37,2026-09-11,807,N,VIIRS,n,2.0NRT,305.54,2.21,D
31.74919,74.49052,339.55,0.41,0.37,2026-09-11,807,N,VIIRS,n,2.0NRT,304.61,5.09,D
31.78289,75.174,335.78,0.4,0.37,2026-09-11,807,N,VIIRS,n,2.0NRT,300.83,3.43,D
31.86762,75.00837,343.03,0.4,0.37,2026-09-11,807,N,VIIRS,n,2.0NRT,301.46,5.58,D
32.1289,73.31739,336.4,0.44,0.39,2026-09-11,807,N,VIIRS,n,2.0NRT,303.61,2.97,D
34.15523,74.19093,332.36,0.4,0.37,2026-09-11,809,N,VIIRS,n,2.0NRT,300.75,3.76,D
34.15862,74.19041,329.45,0.4,0.37,2026-09-11,809,N,VIIRS,n,2.0NRT,299.49,1.78,D
30.0677,96.97839,307.07,0.33,0.56,2026-09-11,1849,N,VIIRS,n,2.0NRT,285.77,1.2,N
30.0697,96.97879,305.87,0.33,0.56,2026-09-11,1849,N,VIIRS,n,2.0NRT,285.47,1.71,N
25.54361,91.23469,295.33,0.67,0.74,2026-09-11,1851,N,VIIRS,n,2.0NRT,271.56,0.42,N
27.325,95.27734,311.48,0.39,0.6,2026-09-11,1851,N,VIIRS,n,2.0NRT,288.28,0.61,N
27.60801,95.40346,302.79,0.39,0.59,2026-09-11,1851,N,VIIRS,n,2.0NRT,287.83,0.79,N
28.05046,69.3678,316.38,0.43,0.62,2026-09-11,2032,N,VIIRS,n,2.0NRT,295.67,1.72,N
28.42292,69.69965,309.94,0.42,0.61,2026-09-11,2032,N,VIIRS,n,2.0NRT,296.34,1.66,N
30.44506,70.56732,308.73,0.39,0.59,2026-09-11,2032,N,VIIRS,n,2.0NRT,295.27,0.72,N
32.29601,74.31258,309.14,0.49,0.48,2026-09-11,2032,N,VIIRS,n,2.0NRT,296.03,1.05,N
33.29487,71.18565,302.85,0.38,0.59,2026-09-11,2032,N,VIIRS,n,2.0NRT,288.43,0.38,N
33.71712,73.97829,302.64,0.53,0.5,2026-09-11,2032,N,VIIRS,n,2.0NRT,288.29,1.08,N
20.75914,85.29253,304.29,0.45,0.47,2026-09-11,2034,N,VIIRS,n,2.0NRT,284.17,1.19,N
20.78374,85.25797,302.67,0.45,0.47,2026-09-11,2034,N,VIIRS,n,2.0NRT,284.81,1.74,N
21.10116,72.63661,339.66,0.45,0.47,2026-09-11,2034,N,VIIRS,n,2.0NRT,291.28,9.18,N
21.10441,72.6459,343.3,0.45,0.47,2026-09-11,2034,N,VIIRS,n,2.0NRT,291.64,6.65,N
21.10548,72.6372,308.75,0.45,0.47,2026-09-11,2034,N,VIIRS,n,2.0NRT,290.15,3.95,N
21.10603,72.64871,309.18,0.45,0.47,2026-09-11,2034,N,VIIRS,n,2.0NRT,290.5,7.13,N
21.10653,72.64437,340.24,0.45,0.47,2026-09-11,2034,N,VIIRS,n,2.0NRT,291.98,7.13,N
21.10755,72.63565,309.89,0.45,0.47,2026-09-11,2034,N,VIIRS,n,2.0NRT,290.88,4.4,N
21.10872,72.64648,311.12,0.45,0.47,2026-09-11,2034,N,VIIRS,n,2.0NRT,291.06,6.65,N
21.10979,72.63779,308.22,0.45,0.47,2026-09-11,2034,N,VIIRS,n,2.0NRT,291.28,3.95,N
21.16485,72.6702,335.84,0.45,0.47,2026-09-11,2034,N,VIIRS,n,2.0NRT,290.35,10.53,N
21.16537,72.66583,334.66,0.45,0.47,2026-09-11,2034,N,VIIRS,n,2.0NRT,289.32,10.37,N
22.05133,88.12428,298.19,0.32,0.54,2026-09-11,2034,N,VIIRS,n,2.0NRT,271.33,1.24,N
22.2472,87.39132,298.05,0.57,0.52,2026-09-11,2034,N,VIIRS,n,2.0NRT,278.14,1.37,N
22.36478,87.30112,309.44,0.56,0.51,2026-09-11,2034,N,VIIRS,n,2.0NRT,278.65,1.6,N
22.36546,87.01844,298.31,0.54,0.51,2026-09-11,2034,N,VIIRS,n,2.0NRT,273.4,0.92,N
22.3659,87.29573,299.76,0.56,0.51,2026-09-11,2034,N,VIIRS,n,2.0NRT,277.53,1.6,N
22.37058,87.29688,305.95,0.56,0.51,2026-09-11,2034,N,VIIRS,n,2.0NRT,277.13,1.6,N
22.37859,87.28189,309.21,0.56,0.51,2026-09-11,2034,N,VIIRS,n,2.0NRT,278.48,2.67,N
22.41649,69.03779,312.23,0.39,0.6,2026-09-11,2034,N,VIIRS,n,2.0NRT,291.92,1.4,N
22.9267,69.82265,307.63,0.36,0.57,2026-09-11,2034,N,VIIRS,n,2.0NRT,291.83,0.89,N
22.93276,69.70088,303.67,0.36,0.58,2026-09-11,2034,N,VIIRS,n,2.0NRT,288.44,0.56,N
22.9331,69.69727,306.91,0.36,0.58,2026-09-11,2034,N,VIIRS,n,2.0NRT,288.63,0.56,N
23.26521,70.25777,304.89,0.34,0.56,2026-09-11,2034,N,VIIRS,n,2.0NRT,292.8,0.85,N
23.55926,87.23817,303.14,0.52,0.5,2026-09-11,2034,N,VIIRS,n,2.0NRT,275.51,1.74,N
23.5627,87.08546,303.71,0.51,0.5,2026-09-11,2034,N,VIIRS,n,2.0NRT,278.13,1.24,N
23.66188,87.15467,300,0.52,0.5,2026-09-11,2034,N,VIIRS,n,2.0NRT,275.93,1.31,N
23.66734,86.09063,304.88,0.45,0.47,2026-09-11,2034,N,VIIRS,n,2.0NRT,286.91,1.46,N
23.67404,86.39622,295.03,0.46,0.47,2026-09-11,2034,N,VIIRS,n,2.0NRT,269.67,0.72,N
23.67691,86.39936,306.6,0.46,0.47,2026-09-11,2034,N,VIIRS,n,2.0NRT,271.88,1.02,N
23.6774,86.1067,307.43,0.45,0.47,2026-09-11,2034,N,VIIRS,n,2.0NRT,288.78,1.17,N
23.67743,86.40173,301.45,0.46,0.47,2026-09-11,2034,N,VIIRS,n,2.0NRT,272.9,0.97,N
23.67782,86.39482,306.34,0.46,0.47,2026-09-11,2034,N,VIIRS,n,2.0NRT,270.96,1.02,N
23.67837,86.39718,303.97,0.46,0.47,2026-09-11,2034,N,VIIRS,n,2.0NRT,271.24,1.17,N
23.67929,86.39272,302.1,0.46,0.47,2026-09-11,2034,N,VIIRS,n,2.0NRT,272.19,1.17,N
23.68214,86.39581,303.53,0.46,0.47,2026-09-11,2034,N,VIIRS,n,2.0NRT,270.22,1.02,N
23.68302,86.39138,299.91,0.46,0.47,2026-09-11,2034,N,VIIRS,n,2.0NRT,274.17,1.88,N
23.68361,86.39369,309.5,0.46,0.47,2026-09-11,2034,N,VIIRS,n,2.0NRT,271.69,1.17,N
23.69176,87.12515,296.53,0.51,0.5,2026-09-11,2034,N,VIIRS,n,2.0NRT,273.57,0.42,N
23.69279,87.12022,296.37,0.51,0.5,2026-09-11,2034,N,VIIRS,n,2.0NRT,273.63,0.42,N
23.69408,85.36958,319.01,0.4,0.45,2026-09-11,2034,N,VIIRS,n,2.0NRT,283.12,3.16,N
23.69616,86.07954,306.56,0.44,0.46,2026-09-11,2034,N,VIIRS,n,2.0NRT,286.55,2.97,N
23.69703,86.07521,342.93,0.44,0.46,2026-09-11,2034,N,VIIRS,n,2.0NRT,285.97,2.97,N
23.6979,86.07088,305.93,0.44,0.46,2026-09-11,2034,N,VIIRS,n,2.0NRT,285.34,2.77,N
23.70125,86.07622,320.87,0.44,0.46,2026-09-11,2034,N,VIIRS,n,2.0NRT,285.98,2.97,N
23.71227,86.45252,295.09,0.47,0.48,2026-09-11,2034,N,VIIRS,n,2.0NRT,263.28,0.41,N
23.73847,86.43504,312.83,0.47,0.47,2026-09-11,2034,N,VIIRS,n,2.0NRT,274.14,2.43,N
23.73969,85.01115,297.18,0.38,0.44,2026-09-11,2034,N,VIIRS,n,2.0NRT,283.89,0.79,N
23.75447,85.85305,307.08,0.43,0.46,2026-09-11,2034,N,VIIRS,n,2.0NRT,284.53,2,N
23.7587,86.40199,312.87,0.46,0.47,2026-09-11,2034,N,VIIRS,n,2.0NRT,274.38,2.58,N
23.76302,86.403,318.41,0.46,0.47,2026-09-11,2034,N,VIIRS,n,2.0NRT,275.77,2.58,N
23.76481,86.39408,298.26,0.46,0.47,2026-09-11,2034,N,VIIRS,n,2.0NRT,273.37,2.26,N
23.76732,86.40403,305.33,0.46,0.47,2026-09-11,2034,N,VIIRS,n,2.0NRT,274.5,1.57,N
23.77329,86.19618,308.76,0.45,0.47,2026-09-11,2034,N,VIIRS,n,2.0NRT,287.49,1.69,N
23.7749,86.21031,306.06,0.45,0.47,2026-09-11,2034,N,VIIRS,n,2.0NRT,286.88,1.35,N
23.77917,86.21124,326.49,0.45,0.47,2026-09-11,2034,N,VIIRS,n,2.0NRT,287.43,3.19,N
23.78005,86.20687,306.98,0.45,0.47,2026-09-11,2034,N,VIIRS,n,2.0NRT,287.43,2.85,N
23.78417,86.34245,305.26,0.46,0.47,2026-09-11,2034,N,VIIRS,n,2.0NRT,282.74,1.93,N
23.7882,85.55163,313.64,0.41,0.45,2026-09-11,2034,N,VIIRS,n,2.0NRT,286.05,2.36,N
23.79527,86.35438,313.6,0.46,0.47,2026-09-11,2034,N,VIIRS,n,2.0NRT,282.03,2.15,N
23.79647,86.35325,311.44,0.46,0.47,2026-09-11,2034,N,VIIRS,n,2.0NRT,282.13,1.77,N
23.80108,86.33093,305.12,0.46,0.47,2026-09-11,2034,N,VIIRS,n,2.0NRT,279.47,1.08,N
23.80401,86.33302,302.43,0.46,0.47,2026-09-11,2034,N,VIIRS,n,2.0NRT,280.04,1.38,N
23.80489,86.32858,310.34,0.46,0.47,2026-09-11,2034,N,VIIRS,n,2.0NRT,280.28,1.38,N
23.80536,86.33195,306.3,0.46,0.47,2026-09-11,2034,N,VIIRS,n,2.0NRT,281.4,1.08,N
23.80626,86.32754,301.06,0.46,0.47,2026-09-11,2034,N,VIIRS,n,2.0NRT,280.45,1.08,N
24.19785,82.71539,319.36,0.44,0.38,2026-09-11,2034,N,VIIRS,n,2.0NRT,288.24,2.61,N
13.18113,79.91359,304.89,0.44,0.39,2026-09-11,2036,N,VIIRS,n,2.0NRT,288.79,0.88,N
13.39206,80.10056,307.08,0.45,0.39,2026-09-11,2036,N,VIIRS,n,2.0NRT,289.17,1.34,N
15.02417,78.01468,305.44,0.39,0.36,2026-09-11,2036,N,VIIRS,n,2.0NRT,284.08,2.26,N
15.02515,76.50147,309.08,0.39,0.36,2026-09-11,2036,N,VIIRS,n,2.0NRT,288.72,0.8,N
15.16826,76.67259,314.56,0.39,0.36,2026-09-11,2036,N,VIIRS,n,2.0NRT,291.21,2.01,N
15.16912,76.37862,302.57,0.39,0.36,2026-09-11,2036,N,VIIRS,n,2.0NRT,283.21,0.92,N
15.17247,76.37917,304.41,0.39,0.36,2026-09-11,2036,N,VIIRS,n,2.0NRT,284.12,0.92,N
15.17353,76.65462,312.41,0.39,0.36,2026-09-11,2036,N,VIIRS,n,2.0NRT,289.89,1.95,N
15.17464,76.69185,304.65,0.39,0.36,2026-09-11,2036,N,VIIRS,n,2.0NRT,284.95,1.61,N
15.17631,76.65878,318.99,0.39,0.36,2026-09-11,2036,N,VIIRS,n,2.0NRT,291.02,1.95,N
15.17686,76.65517,332.84,0.39,0.36,2026-09-11,2036,N,VIIRS,n,2.0NRT,292,1.95,N
15.1802,76.65571,303.39,0.39,0.36,2026-09-11,2036,N,VIIRS,n,2.0NRT,284.86,0.72,N
15.22512,76.76299,300.51,0.39,0.36,2026-09-11,2036,N,VIIRS,n,2.0NRT,274.54,0.96,N
15.65624,73.99073,303.93,0.48,0.4,2026-09-11,2036,N,VIIRS,n,2.0NRT,288.34,0.43,N
18.57696,72.2394,310.99,0.44,0.46,2026-09-11,2036,N,VIIRS,n,2.0NRT,292.56,2.03,N
18.58124,72.24,311.98,0.44,0.46,2026-09-11,2036,N,VIIRS,n,2.0NRT,292.79,2.03,N
18.68483,73.02999,314.34,0.4,0.44,2026-09-11,2036,N,VIIRS,n,2.0NRT,291.14,1.51,N
18.69148,73.0425,316.86,0.4,0.44,2026-09-11,2036,N,VIIRS,n,2.0NRT,290.51,1.61,N
18.69197,73.03873,308.23,0.4,0.44,2026-09-11,2036,N,VIIRS,n,2.0NRT,291.06,1.61,N
18.81351,74.30283,299.21,0.51,0.41,2026-09-11,2036,N,VIIRS,n,2.0NRT,282.78,0.44,N
19.22277,74.8159,301.94,0.48,0.4,2026-09-11,2036,N,VIIRS,n,2.0NRT,287.42,0.77,N
19.27853,71.42562,309.73,0.51,0.49,2026-09-11,2036,N,VIIRS,n,2.0NRT,293.72,2.82,N
19.37048,71.35533,315.22,0.51,0.5,2026-09-11,2036,N,VIIRS,n,2.0NRT,292.72,4.16,N
19.93491,73.71051,305.03,0.56,0.43,2026-09-11,2036,N,VIIRS,n,2.0NRT,280.5,1.46,N
6.71797,81.23399,319.11,0.43,0.46,2026-09-11,2038,N,VIIRS,n,2.0NRT,291.03,1.65,N
6.71807,81.23294,330.98,0.43,0.46,2026-09-11,2038,N,VIIRS,n,2.0NRT,291.06,2.18,N
6.71861,81.23012,308.34,0.43,0.46,2026-09-11,2038,N,VIIRS,n,2.0NRT,290.45,1.46,N
6.8708,81.53381,316.06,0.44,0.46,2026-09-11,2038,N,VIIRS,n,2.0NRT,290.71,2.02,N
7.16058,81.04489,303.81,0.41,0.45,2026-09-11,2038,N,VIIRS,n,2.0NRT,287.83,0.74,N
7.17868,81.09897,304.79,0.41,0.45,2026-09-11,2038,N,VIIRS,n,2.0NRT,288.85,0.74,N
7.65734,80.63947,311.03,0.57,0.43,2026-09-11,2038,N,VIIRS,n,2.0NRT,283.9,1.93,N
9.32874,77.42142,321.89,0.4,0.37,2026-09-11,2038,N,VIIRS,n,2.0NRT,287.03,2.04,N
9.3321,77.42197,324.79,0.4,0.37,2026-09-11,2038,N,VIIRS,n,2.0NRT,287.74,2.04,N
11.26878,80.00301,308.2,0.47,0.4,2026-09-11,2038,N,VIIRS,n,2.0NRT,284.12,2.98,N
11.2689,80.00498,306.35,0.47,0.4,2026-09-11,2038,N,VIIRS,n,2.0NRT,283.48,3.58,N
11.57125,77.67776,306.91,0.39,0.36,2026-09-11,2038,N,VIIRS,n,2.0NRT,287.08,2.27,N
25.38903,68.58649,295.44,0.61,0.71,2026-09-11,2214,N,VIIRS,n,2.0NRT,272.65,0.79,N
28.05043,69.36802,309.48,0.59,0.7,2026-09-11,2214,N,VIIRS,n,2.0NRT,293.94,1.32,N
28.05118,69.36514,305,0.59,0.7,2026-09-11,2214,N,VIIRS,n,2.0NRT,293.63,1.32,N
27.72672,96.28129,333.96,0.43,0.62,2026-09-12,608,N,VIIRS,n,2.0NRT,288.25,4.11,D
27.73226,96.2794,345.79,0.43,0.62,2026-09-12,608,N,VIIRS,n,2.0NRT,287.82,4.11,D