ndvi_mean,ndbi_mean,ndwi_mean,swir1_mean,swir2_mean,valid_pixel_fraction,event_id
0.34138944992414455,0.11154794159579044,-0.4445910464690034,0.3981897543758614,0.2909942575556747,0.965087890625,1
0.3506268116399895,0.10097724199425673,-0.4445917310272687,0.3831973690972287,0.2814583264201621,0.872314453125,2
0.4715572757449392,-0.03604727260728713,-0.4978433748342644,0.29804929309628075,0.2000420455157644,0.966796875,3
0.35886388036842776,0.06611307304366244,-0.44170493158735025,0.3394646727288091,0.23486247547452876,1.0,4
0.4536839184258477,-0.006034065649661538,-0.5040192409521256,0.296236840687925,0.18170358885072346,1.0,7
0.42671114281974043,-0.018553251209121477,-0.4772477173731177,0.29250804184004664,0.19894970840619255,0.5859375,8
0.3268687451353579,0.0738402942274518,-0.42789316285416695,0.3093789794747863,0.22465837387881038,1.0,9
0.491405473652774,-0.08396949480317474,-0.5145066476730975,0.2865953063250196,0.1867370746903071,0.35888671875,13
0.4556886813261597,-0.025261503947479585,-0.47532319140817103,0.2695673585340046,0.19416738292420632,1.0,14
0.6145971981775362,-0.14376712430227168,-0.5382791498098417,0.2198443847219096,0.1303385986207104,1.0,25
0.2843379986595491,-0.0855987339094185,-0.2602458651776281,0.20662141126558708,0.17604477537315688,1.0,26
0.7928635030598501,-0.3731647485389784,-0.7266565266623756,0.18015207506505249,0.10175244141282747,1.0,30
0.3528481537299333,0.014994398353300863,-0.42909720136414964,0.3288906918903061,0.22117833588793998,0.5927734375,42
0.4277093531241761,0.001652610841887971,-0.48687038644290065,0.30984889943283417,0.20825068419716106,0.82080078125,44
0.28314073737494816,0.06476394371190658,-0.38401480428643214,0.31586308583609934,0.24684355471072195,1.0,48
0.2717113029586629,0.15382215062459514,-0.3460066331453213,0.32501433109064237,0.2481175049997546,1.0,50
0.2049850271529918,0.04096000308652821,-0.2593570629568331,0.20756864502927094,0.17470640387154798,0.625244140625,53
0.24647565405147004,0.12925650766429472,-0.34402104861849664,0.3190820744733303,0.27326943931665254,0.927490234375,54
0.33517318013376773,0.05320579976634569,-0.3904292231869818,0.2902989221547178,0.21700718570612149,0.203857421875,62
0.3516418129870974,0.09389077614051447,-0.3962071068247576,0.27073917093229144,0.2037668349075327,0.918701171875,63
0.39189404715378545,-0.003798899772642316,-0.427692982922167,0.2963775340824911,0.21519315048848112,0.089111328125,65
0.18098126394977748,-0.02778502360950672,-0.21616362875347972,0.28352609872308676,0.22737734389374964,1.0,74
0.13225733795788208,0.08702477487721305,-0.22398921719999448,0.454581567326386,0.37978205557737965,1.0,75
0.4240125697385504,-0.1607603167949435,-0.42253601766847015,0.23980664071495994,0.16065012210492569,1.0,78
0.12345660575294842,0.032828869201274216,-0.20918791076217075,0.3176346434547668,0.24880004879923945,1.0,83
0.1870407773883101,0.011258447719597607,-0.23404611065943884,0.28983942860213574,0.24031457520140975,1.0,84
0.4368148728965028,-0.09823546612190762,-0.4536244248598225,0.2739230712850258,0.20682446283171885,1.0,85
0.3603132308379988,-0.007190622312613598,-0.42595326673635153,0.3274395507396548,0.2382585205741634,1.0,86
0.5444499741722731,-0.18003622660809854,-0.5316628611131019,0.23766276856622426,0.15329921883130737,1.0,89
0.1789592859970811,0.19258882616130812,-0.23252130512950836,0.21682453607172647,0.18160075683772448,1.0,90
0.2324520743433872,0.056787123609963734,-0.3080577117440887,0.3540025523922465,0.2677594594232313,0.16259765625,91
0.42412512187855056,-0.0701656217512221,-0.3571612204190057,0.1710401447842007,0.11364018505218881,0.60693359375,139
0.46897436197644077,-0.17273718146832556,-0.3529930473070917,0.18471873987768817,0.10949867320668638,0.147216796875,142
0.2881295787459868,-0.07587044592955812,-0.20199000023975655,0.15283066304259063,0.09619447511642687,0.353515625,143
0.41685176235827054,-0.38092523374066095,-0.34546869117076884,0.0892717396111592,0.05275217443704605,0.01123046875,152
0.37313153842474056,0.07290693143313168,-0.4116141193341195,0.30142604161093955,0.21839546360155587,0.7265625,157
0.3916587194569297,0.07488997131890363,-0.4680658831609397,0.31453898948893766,0.2326305175492962,1.0,162
0.7246459862475817,-0.22826342302440816,-0.6559212642099495,0.22814537230140233,0.11822804446198,0.350830078125,163
0.631636386911836,-0.20659958539442044,-0.561037659718008,0.2453269827286075,0.1369126672203337,0.237060546875,165
0.40173516674148935,0.01600495289545763,-0.47707780678233536,0.31524167080288346,0.23352010246379,0.99951171875,168
0.3786657549489149,0.02904013420932267,-0.4195618309369636,0.3369206544066401,0.25643500956903154,1.0,170
0.5676957477405189,-0.17550328536818322,-0.5011095969128865,0.22556635739420017,0.14130178222603718,1.0,171
0.5572622018458173,-0.1850182878456266,-0.5234434618748666,0.21756315044281113,0.13690258831100943,0.877197265625,177
0.13457550361152246,0.11481132438671808,-0.20085804404151303,0.3174526199056947,0.26214255839769546,0.992431640625,178
0.3434617462888553,0.004414133024952292,-0.366983490057942,0.2609897216043464,0.19708640144745004,1.0,183
0.558380702688531,-0.19644099740977516,-0.494306416416613,0.23159111682609254,0.1400846445904619,0.1923828125,184
0.5275654777488529,-0.16565608068732154,-0.5096421315569165,0.24033877547500895,0.15604965951369734,0.035888671875,194
0.694319827072326,-0.24602033379160257,-0.5911077247716398,0.2168265616595941,0.11205516111676353,0.371337890625,225
0.257618220249759,0.04966768388854128,-0.28359442034552557,0.3019451262249353,0.24850795506877976,0.87158203125,231
0.4737690222951458,0.015277085434160094,-0.5312289644459518,0.32661608774732387,0.20822447923624335,0.84375,235
0.39531544446320666,-0.034898494886088725,-0.443143026378574,0.3496631872876025,0.2421244528609433,0.82568359375,242
0.32403389399634874,0.0673706492544737,-0.44519140468836726,0.377045507879302,0.2662251710144119,1.0,243
0.5524212539754711,-0.053469983828377005,-0.553148323726532,0.3003334960194479,0.18348813474767667,1.0,245
0.3232941156903793,0.15830541966205958,-0.41168002867008413,0.3928059082436448,0.30610144041293097,1.0,246
0.3456483184973788,0.12178506472067419,-0.4160658246076467,0.33658947285852936,0.23376842078409696,0.004638671875,250
0.35872453673550875,0.13543492537392043,-0.4164131466613703,0.35033813475456554,0.2661177490663249,1.0,251
0.22012792481827517,0.21612161173644004,-0.31034697580449405,0.33510186337720493,0.26565277767426604,0.6943359375,252
0.253810344525263,0.19353865101740217,-0.3635189346786811,0.2954262694474892,0.24048403335928015,1.0,253
0.4800731427462141,0.01172937604540961,-0.5347440407436123,0.32425788566797564,0.20805751938996764,1.0,254
0.3380893202642081,0.1741447004656997,-0.43001625775610985,0.4045043213545796,0.2939017823969152,1.0,256
0.7558894108664915,-0.27092846262340886,-0.67436516619177,0.2214884620446425,0.12074615362171943,0.0126953125,257
0.33226645253301196,0.10517042720367506,-0.44509622696120915,0.3904360364376743,0.26674485546468296,0.96337890625,258
0.3460509576744111,0.0768420394080694,-0.44054236611812486,0.3774241754324092,0.2591356332173458,0.969482421875,259
0.6627646996310044,-0.20217104648344042,-0.610292898290513,0.24047797958340192,0.13764227679738986,0.456787109375,260
0.35794584704013227,0.04297529169096358,-0.4497255766785737,0.37916435551096583,0.2569214358250065,1.0,261
0.611295965145924,-0.11235859658360325,-0.5800033819122634,0.27059488349401445,0.16252503428538403,0.534423828125,264
0.5080991758725536,-0.09736275575354737,-0.5210749178581455,0.27681638535724873,0.17351676056568066,0.390380859375,281
0.46880467523804903,-0.09255962449820121,-0.4815209861063687,0.2722084479470705,0.17839310347776988,0.1416015625,292
0.3213566708230376,0.06921293867317074,-0.43179409811193403,0.3443973395575254,0.23366907376291632,0.513916015625,294
0.33948108583157466,0.00852203875043626,-0.4394166301757943,0.3880708494652936,0.26108771984763735,1.0,295
0.4928464528522526,-0.13519241045474104,-0.4993509804321845,0.286123120033741,0.182269760119915,0.30517578125,298
0.40584015935823553,0.011675845272215674,-0.47444897161023786,0.33665269568994427,0.22227344925204912,0.84228515625,302
0.3951267368532586,0.03659229548527183,-0.4708242098924756,0.34448453825540265,0.2299735384291181,0.634765625,303
0.42303015241113384,-0.023133740288590866,-0.49563683180579216,0.3247128371080195,0.21710831064923458,0.987060546875,304
0.1835541351830208,0.09932697526484077,-0.25598937511521336,0.33889834194706303,0.26988749580010646,0.706787109375,305
0.3731107982109162,0.028368027268315943,-0.4454837723479518,0.29468374266800595,0.2055982658666467,0.67578125,306
0.42265342077013596,0.024761795583239533,-0.5041456992912516,0.32214461903596,0.21847069654366322,0.900634765625,308
0.48869571556641367,-0.03787128306601899,-0.5220783437709385,0.3176972656574435,0.19890549322008155,1.0,309
0.5010704778546291,-0.06575377582098751,-0.5147878576677984,0.27336469733126334,0.1764009923116077,0.5166015625,310
0.44615351290867256,-0.024368967553195564,-0.5122256355713561,0.2832348642131027,0.19206261326875754,0.37744140625,311
0.6703967700855953,-0.23283712863862507,-0.6011815759140783,0.19646490738778755,0.1105094987672992,0.277587890625,315
0.31453175496842045,0.005711716576123699,-0.39666567047736756,0.3468515506151584,0.24217377668265883,0.70849609375,316
0.45575479827681786,-0.08543595721155514,-0.5059228654435867,0.29078579101042124,0.1854970704889638,1.0,317
0.5310026790675597,-0.10764808774541114,-0.538442554478237,0.25352617335818967,0.17013525688318276,0.88427734375,318
0.30018428010095793,0.08721140420440347,-0.41392546331755053,0.35424328251337184,0.2546864829505312,0.885009765625,319
0.2843557293181119,0.01038475366768216,-0.35201658993140716,0.2603351805755665,0.2238593505899189,1.0,320
0.4523025434174912,-0.05767272098336392,-0.5016989810949644,0.2620485352235846,0.18999213862571196,1.0,321
-0.2352839120868765,0.27708359798877275,0.3134903625356975,0.8185499906539917,1.0135999917984009,0.00048828125,324
0.04098961333274514,0.08183078689955449,-0.038268501231698476,0.5849999785423279,0.6395000219345093,0.000244140625,328
0.5665823948902566,-0.0729512929998335,-0.5599012296783267,0.2400455078932282,0.1534517332802352,1.0,331
0.5815018052189956,-0.08210694871955075,-0.5396152070654405,0.23300017034016884,0.1545528077387837,0.430419921875,332
0.2714997789190125,0.13634470699601614,-0.3838987199994812,0.41417561490749283,0.3444464923343818,0.943115234375,333
0.3196696660619829,0.08051437306825893,-0.4442573495547937,0.32996608885514433,0.25917851560006966,1.0,334
0.5770033458005631,-0.18295436760944594,-0.5322534082537169,0.22540909398315298,0.1494820855035741,0.714111328125,335
-0.107185632334434,0.095853459203698,0.10409024579143095,0.37244999408721924,0.36104999482631683,0.00048828125,336
0.3302727373454359,0.027652926861884308,-0.44072956702022476,0.328981201237184,0.27396962903912936,1.0,339
0.4608659269698122,-0.022133482710918438,-0.4880619938989279,0.2874284423141944,0.2009049072603375,1.0,341
0.33250777797448466,0.05851034628207285,-0.3722474847772834,0.31968671030203016,0.22145690257146505,0.900146484375,345
0.608937431700685,-0.22123697862153274,-0.5555222760282582,0.2059196183684989,0.11906522761335632,0.831298828125,350
0.21215329197033,-0.1037097623507579,-0.15762220600972046,0.15869379341602324,0.10542689685163827,0.035400390625,351
0.40122384514907744,-0.14290102075414127,-0.37284101975824185,0.196114271172872,0.13454821600249298,0.239501953125,355
0.3306752872742251,-0.10949610233546958,-0.29320464608164476,0.21316377629089905,0.14996936407679537,0.126708984375,356
0.4735575455007399,-0.12199540192209875,-0.448670320359234,0.2249027555092023,0.1560488805467804,0.8505859375,360
0.5892136614762179,-0.20950882035376323,-0.5265842173520645,0.23602935895113086,0.14317097078085395,0.51806640625,361
0.2791563841647616,-0.1001358937708581,-0.2938852160212108,0.2700913690005233,0.20762176875050375,0.57421875,385
0.39342705176847687,-0.10807881453672916,-0.4015316940195431,0.2691692125259174,0.183248842587798,0.421875,387
0.4429496523776247,-0.26816060697603217,-0.3587751598211015,0.16158028198799618,0.10570281691534418,0.03466796875,389
0.5402088336116591,-0.21590656365014155,-0.5053919195457742,0.21943615724012488,0.1370945311973628,1.0,390
0.5549783002427453,-0.2022263541793822,-0.5299698259418066,0.24054577627066465,0.1504207763919112,1.0,391
0.21094543995894785,0.11416288281677295,-0.29097611659024003,0.3820672607398592,0.303325488264818,1.0,403
0.5544704404671732,-0.18719777719424302,-0.5376668150092798,0.20765874017342867,0.13900781255597394,1.0,404
0.7511312163282372,-0.34663586706524313,-0.694335969884805,0.17895769040296727,0.10552849126906949,1.0,407
0.6929817217434324,-0.2621205725170851,-0.6446137742650937,0.19652312010475725,0.11523742676581605,1.0,408
0.2084035302267768,0.030794521146345774,-0.2695247419709278,0.3624637694811099,0.3252595459416625,1.0,409
0.5296959365140179,-0.06289377031194139,-0.5409538924846682,0.3092347165875253,0.19102919914075756,1.0,412
0.6276892495367208,-0.21001838126327943,-0.5693664487783558,0.2167763426887177,0.13933989261659008,1.0,420
0.6008330544734174,-0.21257086287585908,-0.5323830274241235,0.20759321297919087,0.13509641110431403,1.0,421
0.5465266147404835,-0.13620465259591397,-0.5037114756488641,0.24151042492849228,0.15941242685494217,1.0,424
0.1778039812309517,0.05153424864181903,-0.27427389036998673,0.40948234838288045,0.3781850831437623,1.0,430
0.5732233571396993,-0.2457393926926637,-0.46508928600640553,0.24255449602771936,0.13957679214664392,0.40185546875,431
0.31815854208511557,0.036034552619072346,-0.3597951334860918,0.29792170415203145,0.22350771481069387,1.0,435
0.17373898371980223,0.018889081080556345,-0.18937265933060315,0.21595450552528375,0.16508859890400546,0.888671875,439
0.44149529179179425,-0.16283483450177694,-0.43584347555180025,0.2622320067939654,0.18594882801971835,1.0,479
0.3303000541006552,-0.16136765019784863,-0.25338350116682884,0.17666138014950813,0.11543755807036901,0.367919921875,493
0.4204907501629375,-0.0850523730395907,-0.4136067063618186,0.2013423528237378,0.14131923532223,0.830078125,494
-0.021863088392735278,-0.011967343538139823,0.04246045895982342,0.06678192995704132,0.06115810096736817,0.953857421875,499
0.1280376334312828,-0.20797367373136474,-0.10974706288158903,0.11813611164689064,0.09924166649580002,0.0087890625,515
0.034719954527962886,0.2180255781158698,-0.13186173291648692,0.3985312741715461,0.36506682130493573,1.0,516
0.3223329974342884,0.03766631771096025,-0.3769127211804658,0.3797008230546374,0.24885102881141652,0.059326171875,517
0.4372824733387392,-0.008226649187477902,-0.49322606623993304,0.3546518730161913,0.2265310103936893,0.560546875,518
0.6730730684859877,-0.19363713440171637,-0.6280419353125002,0.23858174454216782,0.13245740367390563,0.842529296875,521
0.4999780148760975,-0.011617201518103045,-0.554829351764911,0.3084778977558017,0.19337704533880407,0.859375,522
0.5576167841149585,-0.11727517982643201,-0.5400463083766596,0.27399865773918763,0.17228130753893564,0.982177734375,528
0.3078060436555189,0.11837629647182463,-0.409160373134532,0.3544946810120289,0.26766417483687227,0.84912109375,532
0.5414462105755458,-0.05358092623934212,-0.5341938593591739,0.2775314005083635,0.17707923965231073,0.892578125,533
0.4319288582186487,0.026410279892135204,-0.4780128850834593,0.32264102035561565,0.23574848662611902,0.846923828125,534
0.3498989425362816,0.1199292712290588,-0.4296288370455735,0.3636751428080163,0.2719556766932614,0.896728515625,535
0.43153422964595245,0.05364802634906683,-0.4855253705950091,0.3399591713563971,0.2441995452586872,0.96630859375,536
0.41156145546377665,-0.06464092544610954,-0.4523879713372588,0.23964571992754935,0.1634393999055028,0.6103515625,537
0.6460830375221316,-0.17631804823708744,-0.6008456038818476,0.25512992874243545,0.14773318153444287,0.375244140625,540
0.3955364931020012,0.1598047240690465,-0.4685254120456558,0.39039655788292293,0.2825987306305251,1.0,541
0.5448533910077894,-0.08044913583241944,-0.5416704135125504,0.271295385877238,0.16100207513682108,1.0,542
0.6039171107892392,-0.14967235987910651,-0.5745080822978657,0.2296449666852874,0.13591409967126838,0.768798828125,545
0.5418784938021807,-0.08791953343351365,-0.5450818180494708,0.27157619776986813,0.16732739554706696,0.794921875,547
0.3414430268009158,0.018763149498015098,-0.4461501929867784,0.369766364595374,0.24721920544540646,0.700439453125,548
0.48078049460871364,-0.030247147178238763,-0.5203474785393539,0.3027816681153599,0.19625633362126932,0.711181640625,549
0.37955192950360056,-0.008046692265400886,-0.45226975083813253,0.3255648187533574,0.22341108506745774,0.519775390625,554
0.6965325779993794,-0.272324153321053,-0.6052667494166463,0.20018028201614047,0.10883204239538648,0.138671875,562
0.38951327821782156,-0.11483234421912797,-0.38164095589377467,0.2606736847706008,0.16793333359977655,0.013916015625,570
0.4902047101959546,-0.08730800768605207,-0.5074276645849675,0.24550662687923536,0.15260572280420595,0.0810546875,572
0.6068997040442838,-0.18174742860004175,-0.556886238742846,0.2275231284448388,0.13160391040770703,0.43701171875,574
0.40992300523454445,-0.013771636777751544,-0.46562927798677844,0.3084801900097583,0.20177868939283908,0.488037109375,575
0.435999876847063,-0.05342133505563163,-0.4681163786629135,0.29354308992043443,0.19301516656426568,0.68896484375,576
0.33788114848461054,-0.008347180096403369,-0.4240950685759134,0.3205132280087587,0.212404854098353,0.201171875,577
0.26590735112183506,0.11823157961088661,-0.38329006005870425,0.3745644042355707,0.27560510246257763,1.0,580
0.46607873290477553,-0.011782910250489045,-0.4974003894616976,0.27782584188699166,0.18086645544747904,0.732177734375,581
0.3486392427185846,0.0325384441900188,-0.4211114794280562,0.3218884864380877,0.2236759320734755,0.4453125,582
0.4657810473744854,-0.09459871021072483,-0.4734751203376774,0.23487357667511632,0.16084143458614214,0.990478515625,583
0.5335255013848946,-0.07939193661402258,-0.5570522871191365,0.3256603513927985,0.19926281748666952,1.0,584
0.43543903554908836,-0.0014098293594446008,-0.4918144799612588,0.29758170349709495,0.20473189625851196,0.696533203125,589
0.4305600770744739,-0.020612477718506928,-0.4895162714183822,0.3079430531419191,0.1988244301981127,0.996337890625,591
0.37850119751686806,0.015151443871278345,-0.4630240136996058,0.35028308204207265,0.23514373763174307,0.74462890625,595
0.4604277801558722,-0.06999936860244028,-0.4898563336326805,0.28317187974180663,0.18540250389579863,0.6337890625,599
0.47139120802657164,-0.0037353375061832377,-0.5255264189899663,0.2714171138993627,0.17976683081920966,0.991455078125,600
0.4142689291168038,0.01260966785744962,-0.48933086638335493,0.3104647403976084,0.21176238763162214,0.70556640625,601
0.42090487179979197,-0.00836297079243802,-0.48085887280594714,0.3168742263577179,0.21440624039741124,0.96240234375,602
0.46033792096107284,-0.01212041210097573,-0.517998326817456,0.3030213753341326,0.1998028251270988,0.916015625,604
0.497028197170521,-0.05387318522291943,-0.5213926819179807,0.2731439076750135,0.17984527312297405,0.697265625,608
0.38940439057733045,0.0035882156205798194,-0.46336715059741673,0.3171582562272235,0.2111462276839913,0.68603515625,609
0.3760524958555431,0.005784614251871958,-0.4513549067503159,0.3182928566464356,0.21641542852989265,0.42724609375,610
0.5310179556668518,-0.09997613856651959,-0.5253513991717376,0.25627786217728354,0.1615165686888787,0.705810546875,611
0.32394052742692975,0.0650136793242515,-0.42235709255110143,0.35019336013307034,0.2466263176509792,0.606689453125,612
0.38598928836990565,-0.05163329775730226,-0.4247019551132784,0.2545608154596266,0.1813356933862451,1.0,613
0.380607991199967,0.030935919658496607,-0.4548155015983263,0.3403803005329456,0.23850440734465653,0.731201171875,614
0.359080462022316,-0.037605659316006027,-0.3718072903196792,0.22863288968992196,0.15475021758516533,0.953857421875,615
0.41155654410199694,0.0466788767172445,-0.4883682766628648,0.30627312004162377,0.20660705562386283,1.0,616
0.6263133690725798,-0.13969287406393233,-0.6065780697474334,0.24355792982217286,0.14134230968919584,0.91748046875,619
0.48008545488259874,-0.030863461795330314,-0.5226506234670606,0.2644244823785472,0.1714052163572252,0.931396484375,622
0.018855415361849776,-0.12965341232087488,-0.028294819574681225,0.4745999872684479,0.3840000033378601,0.000244140625,630
0.23859629568125082,0.032308526086213304,-0.21260499556316703,0.25403420411475963,0.19386555188771126,1.0,631
0.42078588596436095,0.01331917083407135,-0.47216915307018364,0.30501773837725843,0.21164198298264067,0.945556640625,635
0.5815131858516175,-0.13049225202658124,-0.5520458479507868,0.23745831803523457,0.14309905346687768,0.670654296875,636
0.5192619337955251,-0.07474948618825415,-0.5533668315429099,0.27223709127528334,0.17181870253893552,0.933349609375,638
0.600013611440261,-0.1453149838900772,-0.5912193139792657,0.22571176779014313,0.13465605781984763,0.912841796875,640
0.7005396944647245,-0.23219118914658968,-0.6319029690324351,0.19121150274378554,0.10035991194424125,0.99755859375,642
0.4482121245901996,-0.055771521393918916,-0.49705487946720056,0.26745167809664316,0.17824746296391367,0.312744140625,644
0.5784522652674949,-0.16847803611194914,-0.5436289978957975,0.1963242204583643,0.1252800380945659,0.64208984375,646
0.5571157356222681,-0.13933219974688535,-0.5415357346753854,0.2149179348847995,0.13724933476834109,0.91748046875,647
0.45790286218996423,-0.011967716168703763,-0.5119635969118056,0.2911630484074033,0.19874153915847803,0.973876953125,650
0.4800912309729985,-0.0957036815475005,-0.5043770737115267,0.269351118876127,0.17238018561945617,0.89453125,652
0.566935236565803,-0.10597752660083287,-0.5393698660707155,0.2633760697427277,0.16068209191352303,0.462158203125,654
0.7754476377141205,-0.279921333451715,-0.686893431997492,0.15177135014778087,0.07646953710226728,0.754150390625,655
0.2855058104586889,-0.0611925977240147,-0.3127815662655894,0.19209250006824732,0.13707250021398068,0.009765625,656
0.6232892505129033,-0.13177246927809375,-0.574924863869634,0.21777444352653433,0.1262660811856603,0.98681640625,657
0.18560797181006355,0.10202561808643974,-0.34077657407426276,0.34024140515699275,0.2811114101540288,0.489990234375,658
0.35424550677391337,0.046815706751503296,-0.44380788889790734,0.3159003415694315,0.22569494629533438,1.0,660
0.3044047313685829,0.0970719260478128,-0.406497560324694,0.3270239739881926,0.24314212889865214,0.981689453125,661
0.3313901927241035,0.08323547406797832,-0.4112386496153727,0.33319064908937435,0.26857524393381027,1.0,662
0.38901787088005213,0.03975482026424632,-0.4533321818285146,0.3083968951069696,0.2314970824464645,0.912109375,672
0.5305707594907756,-0.11103073625180786,-0.5034349422727454,0.2085767432603978,0.13727287281011435,0.76318359375,675
0.390350031805925,-0.12763721196001696,-0.34995855184713487,0.2382512382786385,0.1822128840256021,0.246337890625,676
0.5394075509159444,-0.1704071408444544,-0.4974409145976221,0.27561300364116353,0.1736397610767506,0.71533203125,691
0.49156207111253936,-0.11550647728051847,-0.5066419585796887,0.2958532226148236,0.20186750481661875,1.0,694
0.5710198056455438,-0.2548563276274878,-0.5390274075482793,0.23250124515470816,0.1468519530890262,1.0,695
0.598144856331984,-0.24019180262391407,-0.5618086060708702,0.229211840647622,0.14588415533035004,1.0,696
0.6612593258264274,-0.27570169188044297,-0.6223799965940514,0.19876413558449713,0.12045588372529892,1.0,697
0.6857041803118747,-0.26549396226792255,-0.6502769052493507,0.20555903300191858,0.12293581541598542,1.0,701
0.7281643156499205,-0.3159814056515394,-0.6806298004092177,0.19253549790300895,0.11772692880458635,1.0,702
0.6851018948923311,-0.28628834489098043,-0.6409612975704078,0.2053909912629024,0.132242871042763,1.0,703
0.43079481166868666,-0.16478946054269197,-0.400430380148038,0.22706361339329126,0.16335128013177594,0.677001953125,704
0.6367799192110586,-0.23708181640113174,-0.6023711013363261,0.2227339600049163,0.1359236816442717,1.0,705
0.47066315610191845,-0.16666616430702375,-0.4483662823745233,0.23077363313884708,0.16601524721206276,0.656494140625,706
0.6811675496756129,-0.3316934124574115,-0.6044922800608141,0.18281555548134143,0.10276969268600991,0.516357421875,707
0.6406604611665134,-0.23551776639947936,-0.5826699265838752,0.2203385685542765,0.14056100890736575,0.982421875,708
0.6695687899123378,-0.33549159859149824,-0.5814045060421247,0.2069372475388738,0.12093586609159437,0.9189453125,709
0.5887771493562894,-0.30231558484041704,-0.5026757197677941,0.2123863797686664,0.12814008409596692,0.754638671875,712
0.635114458456063,-0.3174452163124793,-0.5531047809221701,0.19486928803782239,0.11140715548708596,0.689208984375,713
0.6164982569295017,-0.29443855901795024,-0.5273892820355195,0.20482879015727767,0.1228811674900412,0.92431640625,714
0.152668893617744,0.07084588609031148,-0.15892744466054937,0.15293817939844145,0.11222771751572905,0.1796875,715
0.6128754518749201,-0.3242535352477045,-0.5332134859681577,0.16860600750897903,0.08498937729632389,0.999755859375,717
0.7129448951620964,-0.25280844657450435,-0.5960201279099747,0.2250535197248592,0.10838968433819494,0.201171875,718
0.6349750614375174,-0.24376169143714235,-0.5276795250076582,0.23434486056351672,0.13104737312445744,0.534423828125,722
0.5424595364257776,-0.20130487560990512,-0.45990972997173574,0.2579628865778872,0.1571534761093988,0.923583984375,723
0.22690110547687553,-0.025762924135951906,-0.23068361602447332,0.20520363111815793,0.15993913263958356,0.9345703125,724
0.29024832470440287,-0.014179601159457772,-0.354167851324947,0.2476103773938035,0.18985849063632623,0.02587890625,727
0.08285836898807036,0.09656913932616348,-0.16211913491230676,0.36068715819055797,0.3439388183760457,1.0,729
0.39344451105888734,-0.06131149361161547,-0.3848725643411883,0.22193467383907378,0.15773572840249644,0.99560546875,731
0.5302968377485482,-0.130215212940047,-0.5009783163831613,0.2647401537688879,0.1780865384132052,0.9521484375,739
0.531389293517413,-0.12230178503078214,-0.5043102850205848,0.2518003710575368,0.17049714619480924,0.85546875,742
0.43460822860464576,-0.09787097820576597,-0.42871180311023016,0.2669781238871858,0.19611997404384707,0.744384765625,743
0.4817794633430401,-0.14545302335432211,-0.45517175994330217,0.2708261992072826,0.19530252794045136,0.849853515625,749
0.40064032275231043,-0.05842956809591244,-0.42055847227673404,0.32566966767847716,0.2442264350564458,0.80810546875,750
0.35594759163301265,-0.047510753584627266,-0.3674649397514717,0.22388853364029837,0.17385335419824888,0.93896484375,760
0.5402696279129392,-0.16877403506757535,-0.5037316652948028,0.2074909914715552,0.13323615806760342,0.593505859375,761
0.4610832529063939,-0.11881411612888826,-0.42466289314273625,0.23561010789462375,0.16962743604333821,0.067626953125,762
0.2906183825131585,-0.1379711615653929,-0.1921810505240705,0.13986676575261542,0.09042006928129852,0.986572265625,766
0.8438892500626731,-0.262844301373686,-0.7114968649074164,0.23587841230502646,0.11154943127848363,0.9873046875,782
0.7605179860647375,-0.23562173477004225,-0.6380941336576416,0.19674096688095233,0.10087456056135125,1.0,785
0.5398878791321773,-0.06257034518437862,-0.5661333395541468,0.29275679153159667,0.18178790358340569,0.95263671875,789
0.6805188503997116,-0.14611122766958884,-0.6202211167396348,0.2553465819801204,0.1476275389723014,1.0,792
0.7185559820757452,-0.1653393134871625,-0.6459416898298191,0.21238144526250835,0.1102696776843004,1.0,793
0.35367799471255734,0.1236893792037983,-0.4287641819958106,0.3580435177285012,0.26569500798043066,0.93408203125,794
0.5406384437846186,-0.0100791100376021,-0.5318656201165205,0.29326552729799005,0.19794091806011238,1.0,798
0.7066995450422101,-0.17493159108594902,-0.6355647890379011,0.24464492396280638,0.13558547780014793,0.8994140625,799
0.3694268365384235,-0.022737779588599075,-0.44605414732811755,0.2865207959312047,0.19286298629103807,0.81591796875,800
0.5816690404007192,-0.20388985064800752,-0.5373552701662564,0.2847806438043111,0.19089469971507494,0.621826171875,803
0.38337651767751935,0.061261580000852925,-0.46142672415730784,0.34981072857302037,0.2432866079798296,0.9716796875,805
0.2947757549884177,0.022961231923031865,-0.3756902594290725,0.2575240948180406,0.18880195002535924,0.3505859375,806
0.42436690952636125,0.12019164533118652,-0.48573902794130075,0.3543469482247019,0.24785659172266605,1.0,807
0.44165625891626237,0.06647654649804256,-0.5041940523392441,0.34035432126984233,0.22506521014656755,1.0,808
0.4107913067157558,0.09747722472402823,-0.48742969684223186,0.34876381831418257,0.23656308595491282,1.0,809
0.2900071016224282,0.038529803299095104,-0.3495035453933588,0.28904245810949036,0.21443175759004787,0.568115234375,812
0.6907753008012565,-0.07746767296631962,-0.6191312957709241,0.2882818114157999,0.16466169433988398,1.0,813
0.7842549624406843,-0.2876832384713634,-0.6776990515067985,0.23158275807040862,0.11826206897867136,0.021240234375,814
0.3283138631109789,0.09584911454826278,-0.4222358328170151,0.3102322393740045,0.22192105525863334,0.967041015625,815
0.3306362878178226,0.085361187658191,-0.44413880848251697,0.38919153006676116,0.2670480871298274,0.44677734375,816
0.44806000013730174,-0.04255185308441165,-0.491866196422848,0.30408001540764,0.19097656863406126,0.63037109375,817
0.45017540037840836,-0.019460159188389413,-0.5116276859376153,0.29719795587148456,0.19870270719515026,0.44189453125,818
0.3928154385556204,0.06334014664019663,-0.46735885630976526,0.353368299707846,0.23772913715258467,0.9619140625,819
0.3202875777680892,0.06380834298197542,-0.43014245066491946,0.37656780853734406,0.258291066061215,0.81982421875,820
0.6042999742661481,-0.13179644509819471,-0.5770398787079902,0.24137428816800208,0.1475774496842418,0.934326171875,822
0.5987385267783493,-0.14833158069344096,-0.5635484521444496,0.2644062173769828,0.16077643668506772,0.46728515625,823
0.49773131058087106,-0.08058690324997893,-0.5061988271152916,0.28180952387906255,0.18763333381641478,0.01025390625,826
0.29460734658299625,0.02874606372593405,-0.40563417906239047,0.359906884917527,0.24679318946208437,0.656005859375,829
0.3624857430159427,0.0070099552426889315,-0.45197341635311616,0.3585652602403718,0.24352818804642154,0.763916015625,832
0.364684596314959,-0.026817887523198563,-0.44634684623119003,0.3470037352753934,0.2329568604254746,1.0,833
0.5319326604227564,-0.12053543624271679,-0.5286048327139985,0.26944172096173497,0.17230331157611695,0.036865234375,838
0.5187076147505186,-0.30072369985839925,-0.42075577789457586,0.13713054160766414,0.09173054196711244,0.049560546875,839
0.33523238590720683,0.027204775703067247,-0.43380487414018987,0.36259340828564746,0.23958835454277505,1.0,840
0.4827834848889644,-0.11327430306934717,-0.4723181386953616,0.2529456959589373,0.1630816456637805,0.19287109375,841
0.4183081545824425,0.03963890519653592,-0.4848833374637638,0.34216039022134176,0.22895951418407784,0.61328125,844
0.26685680975797543,0.11724748385760313,-0.4240563691234696,0.3757896483875811,0.2930539551907714,1.0,847
0.4050998487627084,-0.009550571334014287,-0.46182752510202846,0.3051043474587841,0.1971492753065274,0.117919921875,848
0.3812965150910224,-0.02039861460242022,-0.4374832311228019,0.31208205852640614,0.22162918546115776,0.590576171875,851
0.4497455347262544,-0.10790383211299855,-0.42363092689694853,0.2250052768232636,0.1518611568798893,0.384033203125,852
0.4545396762567975,0.002824089572500035,-0.49720019106911467,0.29177369219972427,0.19207756562716885,0.970703125,853
0.47512387890755625,-0.025131276023461557,-0.5028132597289268,0.290434065107422,0.18660991100334626,0.82275390625,855
0.4174701768403435,-0.05331150680396839,-0.4730751108373305,0.3430353789700707,0.2263473732399558,0.525146484375,856
0.4805502372493503,-0.0708553625132084,-0.5129806701979798,0.29602441613694497,0.19183119389444214,0.5439453125,857
0.4230281748213694,-0.029743137245757563,-0.46948235448504255,0.29163230683082125,0.19529219456460348,0.697509765625,858
0.3837117159126911,0.015540272437061409,-0.45811964118831067,0.3081860995618691,0.21182179601160328,0.878173828125,859
0.4157497221957994,-0.0014922743241338084,-0.48672435946557263,0.3103945172376797,0.21236110263156013,0.801513671875,864
0.5474237841391604,-0.10459898734078868,-0.5550271394910868,0.24398519735131036,0.1542130060473208,0.96484375,867
0.40117501807285005,-0.014796248175775215,-0.4574858142818267,0.31020067803519596,0.20188468945565197,0.43212890625,870
0.4120031794386517,-0.031035807628664053,-0.46387707692931296,0.28289879413960306,0.1863646347062344,0.7490234375,871
0.48067679094327936,-0.10441380740292344,-0.4859044016139067,0.23294577630440472,0.15717368177502067,1.0,872
0.35244853210278804,0.024794290485759898,-0.4473312998149309,0.3639074634005954,0.2421262832254563,0.984619140625,873
0.42045042388509113,0.012896862602817777,-0.48187671245715524,0.3156837646201893,0.20849128424652008,1.0,874
0.41636432583642347,-0.08207239944977737,-0.390914755317358,0.23249801590289704,0.1533612430923515,0.1845703125,875
0.0306410961819198,0.054583249750976885,-0.03323062828503697,0.7110000252723694,0.7968999743461609,0.000244140625,877
0.30077806566993953,0.07428828757108834,-0.397998222993307,0.3356765629091024,0.2403762111664625,0.902099609375,879
0.508182551438858,-0.1146394546060185,-0.5150078832609015,0.25995849747342814,0.16387810912056625,0.86767578125,880
0.44778922513241715,-0.0075377925044842215,-0.4906137637714546,0.2971417009731806,0.20864411402195518,0.82958984375,881
0.23406259993630815,-0.05169832561902996,-0.20531684622186133,0.18475833411018053,0.14371666871011257,0.0029296875,882
0.522322363299737,-0.20320832391541094,-0.5039017291516836,0.2401640627067536,0.15456328156869859,0.03125,892
0.40246847280140535,-0.09185746434600409,-0.42259034121889527,0.3016150635885424,0.21817465807725966,1.0,898
0.35472369979009355,-0.044063842813092606,-0.39496395449295885,0.25586159665544983,0.19583327639247727,1.0,904
0.7637885232072784,-0.3313236633114894,-0.6909160515690759,0.19668112934333562,0.1092632231264075,0.3544921875,906
0.3017188584600101,0.0105473792221247,-0.3724611855908201,0.33074924304310116,0.25374318837748433,1.0,907
0.6751878832564079,-0.2684928968885986,-0.6164960458527802,0.2221440428729693,0.13962341308615578,1.0,909
0.7221792517316008,-0.2851869254706636,-0.6564400981946341,0.20073754886107054,0.11825175787998887,1.0,910
0.5852398294849972,-0.1890351773187657,-0.5371650779991142,0.23585691946906473,0.15563216055836845,0.936767578125,911
0.4986940499114123,-0.16333470237862302,-0.4702710657055018,0.2317791307667721,0.1644062893800629,0.85400390625,912
0.5027381447878629,-0.17755260410780618,-0.4645048874144196,0.21753015130707354,0.14818088377523964,1.0,913
0.6698470163558642,-0.32122197890130844,-0.5840410054351057,0.18749367661075667,0.10574729000109073,1.0,914
0.6720103506638857,-0.323597753117849,-0.583049137484493,0.18814291989110643,0.10713901359940792,1.0,915
0.42191586361993616,-0.11896844299735557,-0.43716479384704676,0.2174591797629546,0.15837619630019617,1.0,916
0.6874418833698228,-0.2769252255332752,-0.5838012547104636,0.1806477539671505,0.09186975093075489,1.0,922
0.158287161789331,0.08368989665469108,-0.22746481306844296,0.37130681111011654,0.31032067864180135,1.0,926
0.2632161799003955,-0.1821818912734882,-0.17228715075330173,0.17991388579966106,0.11788174690634913,0.218017578125,927
0.6034168775597268,-0.21587240854120923,-0.49332562623753606,0.1814275441370308,0.09181004073698291,0.35986328125,929
0.3573025879891144,-0.1234770603920615,-0.3087638725703894,0.1488714411529941,0.09794586312251159,0.548828125,955
0.44342458248168176,-0.16739830464967762,-0.3429461405750576,0.17481362802340628,0.10514248110865124,0.259765625,960
0.5187533235385525,-0.08450330313046013,-0.4285424489443119,0.20894126355673784,0.12657221117004502,0.49462890625,970
0.2910607246448469,0.026836858715280937,-0.2578787759270336,0.21548134283446294,0.15567904059335197,0.509033203125,975
0.1950508467765832,0.09086156685232215,-0.18974427819054313,0.23431748985534623,0.1787167779461352,0.548583984375,976
0.4222861368379245,-0.10229076327621124,-0.3659350058712003,0.21745736728902337,0.14262550765466733,0.74560546875,978
0.36146311425029026,-0.171279831005234,-0.23305741391576723,0.16309603914102117,0.09394702977399425,0.04931640625,987
0.36744156740888184,0.008104794388219786,-0.34194934421566087,0.19047181664860108,0.13722954155760225,0.718994140625,988
0.5154811027732401,-0.06716308997541673,-0.5180691982102372,0.25964570766734546,0.17332578377747446,0.833251953125,1000
0.05621048917137868,0.14396828584675095,-0.19737952927735825,0.21836138192594537,0.19370955286350677,0.1201171875,1005
0.34790263706902463,-0.032282511221929065,-0.34598299850766023,0.2434886034057793,0.18223661998671858,0.8740234375,1016
0.4162798513939729,-0.09752139515402079,-0.3955314591692308,0.24434984874190582,0.16856910280823226,0.484375,1017
0.3280111754617064,0.15699670695026954,-0.4076742590300965,0.3747918135277452,0.28871213115383926,0.984130859375,1024
0.3596500456900337,-0.12490990658157529,-0.3814570445261792,0.20305199980735777,0.16153999934593835,0.018310546875,1025
0.5593240869014415,-0.2132249499777286,-0.5278438872552487,0.2757627326038366,0.1631881420281741,0.44677734375,1026
0.40134833182201707,0.06412012430174097,-0.47696895887873,0.31717735941146874,0.2574137231617263,0.56396484375,1032
0.39285419338875216,0.029715383037911592,-0.4611677534262941,0.26959115784419213,0.18363999990256208,0.115966796875,10
0.42202286853973625,0.009716321234994399,-0.4723880199561699,0.26438635758414175,0.17881999994745318,0.184326171875,11
0.42847672952797244,0.004229138753268453,-0.47648358234484794,0.2633874830181366,0.17762544711198572,0.177490234375,12
0.30337090883856566,0.0885614548484322,-0.3968230147779488,0.34842631850915495,0.27677963869427913,1.0,15
0.29965989567414963,0.09225489624030381,-0.39614538877226013,0.34596381844676216,0.2748989503234043,1.0,16
0.4161522530266314,-0.11192090287907872,-0.4365576799647944,0.22726221146043593,0.16448384464059176,0.962646484375,18
0.42109970938723107,-0.10896068918742796,-0.43802974041234055,0.22843355282284575,0.16785750829039964,0.964111328125,19
0.7391419058540765,-0.2204995914698178,-0.6537270550664425,0.2217575929071245,0.11290112299229804,1.0,20
0.756670092936065,-0.23552454290429298,-0.6652915403226727,0.21853969737003354,0.10888339844223083,1.0,21
0.4180045915172729,-0.12937331196521223,-0.33060876773877224,0.20219458555786946,0.12402605757987137,0.28857421875,24
0.46823761271826797,-0.14245529807306406,-0.3772253758187395,0.20132714458835338,0.12249717887688401,0.640380859375,957
0.5360487008513414,-0.17294781733920755,-0.5405991058746388,0.23451704892864417,0.1684376109975594,0.66015625,27
0.39046845541134134,-0.08778831675501446,-0.41540557036850645,0.251407307803214,0.19515986026662005,0.6982421875,28
0.4457873650135886,-0.12210801013766179,-0.46337719162192004,0.2452841591468807,0.1855455997279776,0.7490234375,29
0.351441750470169,0.10465826386472749,-0.4510344207683428,0.3982909178666887,0.2773319579314375,1.0,33
0.3294225450087067,0.11559482191203836,-0.4403737105810671,0.40925224580132635,0.2865134764579125,1.0,35
0.37948090086034025,0.07233660404463853,-0.45792857651693714,0.34965876461092193,0.23924921843990887,1.0,34
0.3630647482464557,0.0860130786042475,-0.4589547624114434,0.36794201647717273,0.2542906737762678,1.0,36
0.7117071975371757,-0.2524908118812264,-0.6510821779570997,0.24203045666217804,0.12573857881544812,0.048095703125,37
0.7630809621007586,-0.29122416503970655,-0.6838986540996279,0.23707768628912523,0.11791115706740332,0.05908203125,38
0.7356226012306718,-0.26594087140970796,-0.6634485796266615,0.23327955354323618,0.11924572480101568,0.065673828125,39
0.7553949758462648,-0.2811697716762753,-0.6778834339808306,0.2378374552979486,0.11851590113589283,0.069091796875,40
0.4986981911471111,-0.05421190988344938,-0.5274317449576499,0.30415233914377326,0.1930345085604211,0.72021484375,41
0.48994987081567265,-0.053033562628959106,-0.520001267940985,0.3088694777354658,0.19683771446352677,0.668701171875,551
0.4922516748077343,-0.056801941954169925,-0.520284112131089,0.30635770759775455,0.19476005125754003,0.666748046875,552
0.39704505169167253,-0.05104279039855421,-0.43218386584977575,0.24658542490760738,0.17893420399832394,1.0,43
0.3991010131017975,-0.05200579254304841,-0.43426016004566353,0.2480176025237597,0.17787106935793418,1.0,307
0.7391795634312942,-0.2908764719564724,-0.6275172527523604,0.1612680290025872,0.08077667510224476,0.878173828125,45
0.7165521446481335,-0.2756834803316416,-0.6126661148294978,0.167682890436152,0.088152020457694,0.670654296875,648
0.7352482580912869,-0.28774210998198535,-0.6244997593583455,0.1630883363287193,0.08201579273986558,0.81005859375,649
0.29739016941613805,0.02113211165360574,-0.38616915970549825,0.2966510986971116,0.22713691390345048,1.0,46
0.3006425815617596,0.016443375041935326,-0.3882812413924833,0.2986166503978893,0.22877514637548302,1.0,47
0.30202813505021775,0.015072356336988895,-0.4525944164371721,0.27427092233307254,0.21420969282129415,0.103271484375,55
0.2965057923245004,0.01739880735113762,-0.4414636400271115,0.27364547930351674,0.21387671242429784,0.089111328125,56
0.5515003119337767,-0.014884764864571319,-0.5627407551318775,0.2658825685939519,0.17418107915818837,1.0,57
0.5147777824646479,0.018377200107906826,-0.5434315382348422,0.279690136667341,0.18678007813286968,1.0,58
0.47882916057951885,0.05266580112851823,-0.522258846952554,0.2873977538492909,0.19517268069012061,1.0,59
0.5077137729667917,0.03572455459096539,-0.5433449842475593,0.2735006834518572,0.1835940673645382,1.0,60
0.4760325974425562,0.0642357743515893,-0.525941827231773,0.2856937501237553,0.19510961913147185,1.0,61
0.5429021630536615,-0.008212323840033871,-0.5570989164470321,0.2768813479005985,0.18384335962309706,1.0,169
0.25294524576262045,-0.03686455367323138,-0.3026514780368612,0.2977759522073029,0.23295957025766256,1.0,76
0.27431768398490425,-0.04983531358066945,-0.3180952886228439,0.2891823974860017,0.22373813488593441,1.0,77
0.523983028821307,-0.1766917943689954,-0.5107074123594445,0.23829367674443347,0.1533837401893834,1.0,87
0.5282931305801223,-0.18193737702214718,-0.512775154057494,0.23391013178297726,0.149579077216913,1.0,88
0.18974383790649416,0.02893908945791801,-0.23724119497860613,0.16030798744136532,0.13974504816694,0.15283203125,132
0.17870405961468913,0.04124942682830384,-0.22924431640760357,0.14696111148075452,0.12815317458931416,0.15380859375,133
0.2940331403965045,-0.00014533442092539033,-0.3160856330697394,0.15405577323499725,0.1312285713530683,0.124755859375,134
0.4568262694027967,-0.07788017706753321,-0.3935839703909276,0.21514122598022156,0.1404612171023038,0.549560546875,140
0.44331520723787976,-0.055772378146025786,-0.39042885199173644,0.21777997896137727,0.14504638366377767,0.4658203125,141
0.47160429975024126,-0.08750274892354998,-0.40395629835217123,0.21368772153914345,0.13802606368714826,0.55078125,956
0.3402739171857912,-0.04998825764712973,-0.28855079764924096,0.17271204891533004,0.12315734547620505,0.37890625,144
0.25458840275048644,-0.03018125767289025,-0.2016368549686305,0.15600349273570663,0.11346480388080221,0.454345703125,971
0.35234141640805067,-0.04837803908128555,-0.30211202273687005,0.17622111709306285,0.1254123976677453,0.3583984375,972
0.33936754597098967,-0.03280696238426831,-0.29365821184235996,0.178444144804183,0.12870557611067276,0.2626953125,973
0.40816190798196084,-0.0737669566994842,-0.34955708020483145,0.18007889070890423,0.12384490890579533,0.58984375,974
0.39186944960255565,-0.13569175930838914,-0.27925552904338485,0.20451689778850174,0.13018032574242652,0.404541015625,145
0.4375531432620486,-0.14879464233648795,-0.3221797131126725,0.20635835362108612,0.12255331688544528,0.3974609375,146
0.3085502050349369,-0.10241281842378014,-0.20036402746968732,0.18998668435057417,0.12476992310240102,0.729736328125,147
0.277409215015961,-0.06673231638231585,-0.17852795452749273,0.19534314210129497,0.1367059018159423,0.58740234375,148
0.4367167372035289,-0.14754113762844515,-0.3207856940926109,0.20621418033396635,0.12240417425831158,0.397705078125,983
0.3073565087456959,-0.11345896690175535,-0.19784951877612303,0.1930094054454167,0.1258610749172793,0.599609375,984
0.30171519699585325,-0.09199725106741213,-0.19574897841664585,0.19239107582461898,0.12795873005370195,0.692138671875,985
0.28187044527284927,-0.0675462795943789,-0.18375864474420708,0.19678798980147813,0.13785208690533926,0.5732421875,986
0.20810991475309243,-0.32055735386721407,-0.059360473132538734,0.08387777705987294,0.04623333364725113,0.002197265625,687
0.5497758784970571,-0.16799370184109969,-0.46191100867951645,0.2437310928815798,0.13989208546471804,0.388671875,150
0.5515495701548359,-0.17146120743730645,-0.46438624043121474,0.24323268535514142,0.13965905216473856,0.40185546875,151
0.0645007048582549,0.0963338196793339,-0.13172987219155127,0.1678973683727938,0.14667982462662876,0.0556640625,158
0.051254328217567896,0.08464885654633075,-0.129593909139039,0.1694081395777852,0.15014302306050478,0.0419921875,199
0.11650181332486019,0.056722009290401755,-0.20378113327456882,0.17600117152323946,0.15139531245222315,0.0625,200
0.08346380964929143,0.07395313735919734,-0.17536857528667874,0.1873221619709118,0.16362540500389564,0.09033203125,201
0.08010739078357075,0.11768075404471469,-0.1754897065639901,0.20895977776911523,0.1833300000594722,0.10986328125,347
0.06060629705294531,0.09087754052607738,-0.13107397002204854,0.16611283185141804,0.14659955710238587,0.05517578125,348
0.1130498369820026,0.05725174983810159,-0.1977813878613511,0.1786373039958619,0.15403322861486093,0.077880859375,349
0.02958583032646046,0.11649639285841434,-0.13462164313981206,0.20123796798488036,0.18349866318033342,0.09130859375,489
0.03922051551775865,0.11618153964290426,-0.14872954454072365,0.19705899653181566,0.17967050144542282,0.082763671875,490
0.27328369604590863,0.09718973269972121,-0.3333106177575526,0.2554715390886506,0.19618761818135286,0.283935546875,1001
0.11570936456589202,0.03320735734359557,-0.11006092820592141,0.16044973836883408,0.12564921479210595,0.139892578125,1004
0.08914970111447615,0.07796776950790328,-0.16316420620963681,0.17146638641525216,0.14906218453866094,0.05810546875,1006
0.02306217734698335,0.09803346385149232,-0.05387366310569629,0.15143091816473123,0.13055942034807758,0.050537109375,1007
0.03913623029151579,0.07983210131601144,-0.13001949742002583,0.17258396189448968,0.1565283016073254,0.02587890625,1008
0.317990898658866,-0.0117834562082951,-0.34432991580077876,0.1661902156988748,0.1221306310689892,0.611328125,160
0.32038213062601456,-0.016123341006743407,-0.35150001957121474,0.17153758043257106,0.1273362597744436,0.68408203125,440
0.628748636884639,-0.14563009018478662,-0.5883538658360644,0.25121492095952247,0.1329627912765992,0.911376953125,166
0.6254464987445157,-0.14398446767401926,-0.5868948322924433,0.25303775769831305,0.13368944086773518,0.8994140625,167
0.3268277755184703,-0.03163668859239931,-0.33859104925882255,0.3078281006128236,0.22955261235802027,1.0,172
0.32349105378074045,-0.030505373542361502,-0.3367335601157002,0.30830937494465616,0.23008776860478974,1.0,173
0.6682638294347834,-0.2685491584080983,-0.5948116944967539,0.20922351070475997,0.12054016100228182,1.0,174
0.6443302377916034,-0.25165301647047744,-0.5772797380578609,0.21465388189972145,0.12790908194619988,1.0,429
0.40738915439690193,-0.12474007772751906,-0.41008550898533286,0.22854692755574896,0.1683185603679841,0.973388671875,175
0.5046138618755301,-0.18378232053287577,-0.4898404441524752,0.22015945938527362,0.150437490762891,0.984619140625,176
0.5047584781001873,-0.18571244571808737,-0.48945507481907713,0.2204405445919031,0.15085896041594668,0.986328125,763
0.1122642712991372,0.12862325293518434,-0.179358741604776,0.3337550047726836,0.2948605468845926,1.0,179
0.10905185874293258,0.12807605123442098,-0.1753024804119538,0.3316205078881467,0.29337358394332114,1.0,433
0.19077133527717471,0.0810570390952907,-0.2687429150138091,0.31485764150784235,0.2617052244459046,1.0,180
0.17688987722994112,0.08989368110728786,-0.25606112277147053,0.3158678708896332,0.2620364988979418,1.0,436
0.17796045122983484,0.08804803364523267,-0.25667021295246184,0.3146873776713619,0.26144667965309054,1.0,716
0.2008136695265245,0.03908934695401487,-0.265585674458795,0.2941655600878484,0.24065751246541955,0.86767578125,181
0.19223091101203552,0.040479239947597535,-0.26327054554264845,0.29178266333257297,0.24051354429704497,0.856201171875,928
0.3255854531342171,0.021296254724870636,-0.42016923368829934,0.28533493659961096,0.22013730460457737,1.0,182
0.32628902770619866,0.018703209609482803,-0.4222544165821393,0.28530959471572714,0.2203328123468964,1.0,437
0.15897187125554485,0.03387766063916016,-0.20413025244226402,0.22459353023805306,0.2128394776418645,1.0,185
0.15304347522971207,0.03799880553545175,-0.20134636103197845,0.23050319825870247,0.22006142580084997,1.0,779
0.31788559513173203,-0.05144884203146977,-0.32917288866313366,0.272915078494302,0.2196247429064155,0.356201171875,189
0.32872023316819715,-0.056152252174480874,-0.33807450623128754,0.27100723044690134,0.21659849930203953,0.35791015625,190
0.27437914218532183,-0.03093761366992316,-0.29405391902069966,0.2774054051135958,0.229562084745026,0.316162109375,471
0.30566894776622977,-0.04993960179015417,-0.32064495839297913,0.27747002006136756,0.22571368228661623,0.364013671875,472
0.4197896352762689,-0.07797993388115695,-0.3944778476548073,0.2719365759457837,0.19933859827295672,0.7001953125,192
0.4454365628089855,-0.09162360268210312,-0.4144346607021669,0.2666280288525976,0.19215407737949847,0.739501953125,474
0.43876687863250363,-0.08857013361354273,-0.407751115837521,0.2660714682542028,0.19219885457466146,0.703369140625,745
0.5323442853892827,-0.20058089306862853,-0.49687018521999593,0.25594340801568555,0.1686842927293599,0.861083984375,193
0.5347003991460546,-0.20249182807395624,-0.4989215246537994,0.25394814488899015,0.16720042807437038,0.85546875,388
0.5327122508954011,-0.20013253645204676,-0.4970712962929341,0.2555616084961567,0.16892645638261405,0.859130859375,475
0.5205581364497821,-0.1950716981173157,-0.48788529907288847,0.2538352978106304,0.16980728174627877,0.791259765625,476
0.5245229799164844,-0.19975903968663822,-0.49112047069608145,0.25248819879076867,0.16833565216858565,0.7861328125,746
0.5375133124329697,-0.20292552118548066,-0.5004722769357273,0.25541558354152816,0.1674554527478598,0.897705078125,1033
0.18241107522863292,0.044928185766484684,-0.24423078489884303,0.42693642589074443,0.372318676825671,1.0,195
0.18142960888620763,0.04425743358143959,-0.24332048647471716,0.4276947510552418,0.3734380372079613,1.0,415
0.21995866368381245,0.03022781368211044,-0.2806789009419962,0.4125145754442201,0.3529032471778919,1.0,416
0.1881122529075976,0.04508160787874166,-0.2501833731207189,0.4220268065819255,0.36744287086548866,1.0,751
0.20167197826439315,0.03695072377794809,-0.26393272223089476,0.418541381810428,0.36113608377127093,1.0,752
0.343418295055795,-0.05210721441855545,-0.3715616507227346,0.26597834455060365,0.20251276845192479,1.0,196
0.36217360495153206,-0.05264660915297133,-0.39134671799147025,0.2666171630098688,0.20120175775809912,1.0,419
0.3631792394162534,-0.05675372284345824,-0.3927305153878804,0.2673921142340987,0.2018159911949624,1.0,755
0.3986614713646808,-0.05974886634119555,-0.42816963950692966,0.2677215330713807,0.19850180656794691,1.0,756
0.32758787014862467,-0.04825682294201178,-0.35498677208914203,0.2652527344871487,0.2031681882654084,1.0,757
0.18659466362703073,-0.22762245195518827,-0.23622156104441622,0.17594790542567906,0.13865855361736773,0.97900390625,197
0.20236684318512002,-0.20891562956987,-0.2540273225013075,0.18828681453780186,0.1480422981430666,0.9794921875,402
0.17504235620674743,-0.22603767238531633,-0.23072500361739326,0.1804361216286195,0.14273709237560692,0.980712890625,427
0.23492427876332148,-0.19649183651285537,-0.27532837214258055,0.18912468255308468,0.1476987796157116,0.980224609375,428
0.18704470053918829,-0.22131224626567014,-0.2401353877880893,0.1823983047314488,0.14390271744658095,0.979248046875,759
0.1899318682767733,-0.2056400016665796,-0.2450330421991094,0.19088223430741247,0.15036123416785815,0.981201171875,925
0.23640715588691638,0.10813724899775895,-0.3248273726651459,0.2462431828461271,0.19691585273627776,0.385009765625,198
0.21764988232259105,0.12588878236003292,-0.3098518953304501,0.24560624596745645,0.1985560762420934,0.359619140625,488
0.10957685681294616,0.18735996590204515,-0.19646918224909,0.2980131354599943,0.24396808510241302,0.263916015625,202
0.11181865070752849,0.18423210452649383,-0.19949178653912725,0.2919047140713894,0.23897037055556622,0.2900390625,491
0.11370308197652665,0.1801707122084424,-0.20021004187951555,0.2949717706141052,0.2417462786693059,0.285400390625,670
0.11257398469059057,0.1819415502930229,-0.19951697733826046,0.2940342278038495,0.24110461400209257,0.291015625,1009
0.7132180004309342,-0.3272312605994455,-0.5927517480016891,0.20652685054604134,0.10284351198000966,0.788330078125,203
0.7140982022120146,-0.3308224180625663,-0.592820709973897,0.20657412468810685,0.1028136378598237,0.732177734375,204
0.7050732498916944,-0.3165069235772213,-0.5871578792493631,0.20754219821363043,0.10488690401055495,0.78857421875,1010
0.44582501695243276,-0.15384737398515622,-0.40517459290051583,0.22052552482699822,0.14985650091759628,0.662841796875,205
0.432781949137962,-0.14025404614651674,-0.3963427664726925,0.22244526314107996,0.15241207016403216,0.69580078125,206
0.46382932296829665,-0.21792285707720607,-0.3846960769476063,0.21643170714378357,0.12868780442854252,0.010009765625,207
0.47681027094755185,-0.23102707865291103,-0.39132443144225393,0.20705000000695387,0.12002500022451083,0.005859375,210
0.2206169354408188,-0.10031675851432746,-0.1899505022774897,0.12780000269412994,0.08309999853372574,0.000244140625,213
0.22962663799327,-0.10552522950742378,-0.2068764497453524,0.1293499991297722,0.08749999850988388,0.00048828125,215
0.1725520489456532,-0.07414666786438807,-0.1689667424553898,0.12963333229223886,0.0849999984105428,0.000732421875,216
0.05840287085041967,-0.011389544578316662,-0.09314732787546469,0.13019999861717224,0.07999999821186066,0.000244140625,359
0.1768503276301391,-0.09530663021134961,-0.1822659665089782,0.13700000196695328,0.08614999800920486,0.00048828125,884
0.24449010626120038,-0.14486100944424057,-0.2205386243084525,0.1287499964237213,0.08740000054240227,0.00048828125,1014
0.2595962167958137,-0.13512624324456904,-0.22865138666816762,0.13793333371480307,0.09449999779462814,0.000732421875,1015
0.37710011057384113,-0.11907300777402552,-0.3529002658271391,0.2779126410412203,0.19745790612091715,0.56201171875,232
0.36852273436246485,-0.1126652569552402,-0.3458596114563102,0.27936583546535027,0.20114595680736067,0.3623046875,233
0.4036290132123436,-0.13159148509316076,-0.3747963992325702,0.2727896338698377,0.18972770706651756,0.633544921875,512
0.23933309747543624,-0.05979902743786762,-0.230982450970656,0.27046560054350266,0.21519226078498832,1.0,234
0.1659894634435863,-0.031937238485891965,-0.17194872681662954,0.2763420900990923,0.2316743408706543,1.0,511
0.2094539211634812,-0.03936775637835083,-0.20366706811240906,0.2729049316212695,0.2255909911400522,1.0,513
0.26870234939629356,-0.05712313696872434,-0.25208517032179245,0.2651500732893055,0.2106990722181763,1.0,514
0.640966077845646,-0.231394545091325,-0.589680313988443,0.23898811369753775,0.14130235747717804,0.24853515625,236
0.6058099139076519,-0.20497962999441638,-0.5616321839664793,0.2540775563317047,0.15637094757875006,0.19580078125,237
0.5240570917470609,-0.060477281325867015,-0.5405548100374095,0.27087850344440845,0.17116412956925675,0.949462890625,238
0.5248828640880938,-0.06294097463836888,-0.5413419791646356,0.270195495216539,0.1703365384797331,0.9267578125,239
0.5404961617410494,-0.07340334460696653,-0.5551628783260293,0.26562839694128154,0.1666069403500137,0.9990234375,790
0.48901150289443257,-0.022593442115155175,-0.5245579387537406,0.26558280023341857,0.1695409638379241,0.587646484375,244
0.4061641120806878,0.016801838792065198,-0.4822731609967399,0.3006704154214165,0.20172413787074667,0.623046875,529
0.5008512318847113,0.040892117421728165,-0.5136679015374015,0.3048378906751168,0.2103399169172917,1.0,247
0.4815469251224862,0.05385150885301833,-0.49618295768273557,0.30835036637290614,0.21671433113442617,1.0,797
0.5538604442588401,-0.018226539872084183,-0.547333137036937,0.2850519043058739,0.19025419918216357,1.0,248
0.5557896828539876,-0.020237537511479504,-0.5481849568323713,0.28524670417027664,0.19047351067638374,1.0,249
0.24457967030600017,0.16462761149875463,-0.37213209928678687,0.36874583851344556,0.27724652998857835,0.988525390625,267
0.24914570709839182,0.15452290323170373,-0.37550085887468837,0.36781320616999463,0.2737785840284022,0.972412109375,268
0.2684331168385258,0.1262745653392015,-0.3843289223645964,0.36211740251561697,0.26491162733909207,0.951171875,270
0.48273904921070643,-0.04441159511851496,-0.5167281440675616,0.3017557617467901,0.1822805909332601,1.0,279
0.5112245311828049,-0.056737560942505746,-0.526123070131315,0.2908129149773231,0.17173427741181513,1.0,280
0.4088276171466815,-0.03193934401097424,-0.46605003385955157,0.29950532070716135,0.19745885903650237,0.445068359375,282
0.35634555901969783,0.00689238341152027,-0.43743904217511975,0.3274168014129192,0.22006444547898085,0.512939453125,283
0.33302608107469933,0.0258850692690083,-0.441416537310808,0.3913149903364683,0.2594331297568715,1.0,284
0.31998547239102504,0.0303180884464253,-0.43105765819114816,0.3910612305680843,0.2597083740392918,1.0,285
0.375732950949039,0.0017515817066214457,-0.46398626077637534,0.36921792012981314,0.2410653075285154,1.0,286
0.3711209614298989,0.001925850406150188,-0.4574414481156416,0.36560700700010784,0.23864401845639804,1.0,287
0.3851481878362274,-0.009163388267855517,-0.43192327714874457,0.28393681754705313,0.18933302509382188,0.263916015625,288
0.43323360276208356,-0.045852077253008175,-0.4617638240971648,0.29355286109728873,0.1882706724816083,0.34130859375,289
0.2622441325224284,0.05607030036521706,-0.38322870117316743,0.41499025870780315,0.28574414059221453,1.0,290
0.2372846657896684,0.07243929482778187,-0.37326604867369,0.4345071043644566,0.29990363781871565,1.0,291
0.270538896286585,0.05176500315356339,-0.39540684339395826,0.4197679687895288,0.28689558097448753,1.0,293
0.3693148369254768,0.008817390108006258,-0.4560104077377538,0.3281136347314586,0.2164063303017098,0.701904296875,296
0.3593801377701154,0.010613701919290258,-0.4478458906335361,0.3296147778656724,0.2185622025181938,0.687255859375,854
0.3255966138542508,0.05281308260147087,-0.41809386981293345,0.3289822265433031,0.24569560527379508,1.0,297
0.3190193415952848,0.06173693553789897,-0.41946854238248127,0.3327037107483193,0.249606298884828,1.0,299
0.41419825639269375,0.006471594658515598,-0.48418318562652396,0.30425841974572876,0.19813913446271372,0.778564453125,300
0.4283527142869807,-0.02136479487366211,-0.47952855484287543,0.2867528322347449,0.1859932759478713,0.737060546875,301
0.18707147860925086,0.05517394324176606,-0.12236205657713532,0.23704594122876685,0.1744233565558067,0.98046875,312
0.2000208877166825,0.044144192508775076,-0.12156845729939585,0.22561037664209468,0.1623958593218623,0.978759765625,313
0.44378192718716125,0.036904663016442116,-0.4930922407892592,0.2560441160094342,0.17703884263937653,1.0,322
0.4374825988271914,0.03915110741441979,-0.4895757220413474,0.25398044423855026,0.17611926276913437,1.0,323
0.6557527459611681,-0.11769446454690362,-0.6195026396591874,0.25360214858301333,0.1583603760736878,1.0,325
0.6602997452677644,-0.12355972922300572,-0.620083549299815,0.24987275397506892,0.15513862309762771,1.0,326
0.6433466007121766,-0.1015702372674483,-0.6094483739708193,0.2473742920992663,0.15527241208747,1.0,327
0.4059537781216682,0.030649142835508528,-0.4248122691573163,0.30647482905260404,0.22174738795001758,1.0,329
0.4164551955033954,0.024412978557892435,-0.43328472618916297,0.3017075927400583,0.2163080813788838,1.0,330
0.45263488625741527,-0.15455186917715083,-0.4021849417975686,0.2179267102122209,0.14153621474258823,0.595947265625,353
0.44120831288771895,-0.14740186884601753,-0.3928487962521848,0.21906476949611653,0.14300254745292793,0.450439453125,354
0.05455066037952704,0.047161552868690775,-0.1444606867700159,0.29846313490452303,0.25793618147508823,1.0,394
0.08161350130326081,0.060245120533654925,-0.19393351618792168,0.3275686034176033,0.2971484860208875,1.0,395
0.055387905459216014,0.05828051340102823,-0.14386532276257363,0.3087815186518128,0.27925908219731355,1.0,396
0.03978500585997904,0.04821105599099289,-0.1115230232125085,0.28924912128240976,0.2624394530303107,1.0,397
0.05771722110323153,0.06212762781372943,-0.15181219650601094,0.309436987630761,0.28610163594203186,1.0,398
0.059566455771614964,0.059956300786988326,-0.15884630935754696,0.31648815949301934,0.29136342777565005,1.0,399
0.06643663026597077,0.06883747892857339,-0.17193280442844824,0.3136592042792472,0.2909488037657866,1.0,400
0.0734391557268185,0.06717677376101801,-0.18484975333118256,0.3249046877499495,0.3011687988800986,1.0,401
0.6765492037823018,-0.2785352741799815,-0.6366414687329918,0.20629987804022676,0.1322404054026265,1.0,405
0.7467115936388904,-0.3308224714882133,-0.6931386529805917,0.18852558590151602,0.11230187990531704,1.0,406
0.4389587448014878,-0.1075882741564718,-0.417336880027173,0.3348950470838719,0.24672083323528557,0.310546875,413
0.4538286160206196,-0.11190146667040432,-0.4310720974398735,0.3260811183800987,0.23825363799598084,0.406005859375,748
0.32373825422203045,-0.03531382701045643,-0.36349600821706995,0.3730500245219446,0.2961494627998036,1.0,417
0.3136092190234625,-0.030533336989978843,-0.3565248715946689,0.37671247564139776,0.3009292725491832,1.0,753
0.4423239244299286,-0.10255367709669169,-0.44890406616373957,0.3147839112152724,0.24164438481238903,1.0,418
0.44570942388777013,-0.10527232716035922,-0.45174494089562445,0.31313254405904445,0.23959912117607018,1.0,754
0.44246511758384294,-0.09344549192358981,-0.4299791515926886,0.22919484863450634,0.16468305656235316,1.0,422
0.48086608483008564,-0.11518256561772092,-0.4606612764713726,0.2319754396121425,0.15979416504706023,1.0,423
0.567210502265779,-0.13075784072820767,-0.5327701861308434,0.2586385984704975,0.17014045412452106,1.0,425
0.584096780406044,-0.13628558101400012,-0.5507245257547174,0.25384536127967294,0.1641431884618214,1.0,426
0.5952193315145198,-0.13983339494651875,-0.5575676522884756,0.2530257812431955,0.1625158935221407,1.0,758
0.3276701649736297,0.009243652684170555,-0.38363627178662624,0.2740402832660078,0.2132055486084138,0.998779296875,432
0.312867843150805,0.021550276413721422,-0.37257692510363183,0.2720912378166745,0.21355348249469636,0.991943359375,725
0.3862958659460286,-0.002163893172697313,-0.4205863264110715,0.27926984850273584,0.20089636235206854,1.0,434
0.3843848164348044,-0.00019631383279409935,-0.41697429464057933,0.2814567625810014,0.20188510742264043,1.0,726
0.42634082404424944,-0.07618960149515522,-0.4280776040333716,0.26242232497987134,0.1843889609824681,0.791748046875,438
0.43741533879509953,-0.08372760911399521,-0.43744567783022537,0.26071164286976695,0.18201432749520316,0.836669921875,728
0.19177534557496448,0.01625133638559802,-0.24537677849397166,0.2820720571639472,0.22147789136139617,0.238525390625,457
0.20015644624760107,0.018919556796382717,-0.25586058062943123,0.28553300564614637,0.22445756393120658,0.24853515625,458
0.19084260293489522,0.015750221227511345,-0.24305469625948922,0.2765301052163613,0.21913873954581548,0.209228515625,772
0.19769541946805236,0.018645927104111164,-0.25196586126144105,0.284629247635477,0.22307168208660963,0.288818359375,949
0.5694539752127339,-0.13136755170406303,-0.5189610354923317,0.28116909299393117,0.18199418897658473,0.38232421875,477
0.5263122581769535,-0.09513779442463961,-0.49312766593310536,0.3038345084139012,0.20369564837819085,0.56103515625,478
0.5419761123751737,-0.10626956563781799,-0.5041536537436131,0.29464106977541615,0.1950265455577921,0.49755859375,692
0.5420250161460703,-0.10502153134371137,-0.5047896818785559,0.29653554969739826,0.19588268694097205,0.52880859375,747
0.5127738524956827,-0.17021125182178984,-0.46534738912082574,0.26798453799479804,0.17479822285897076,0.412109375,480
0.5074230063806706,-0.17226696662867325,-0.46057553220802905,0.2702831970782228,0.17840737700869477,0.357421875,481
0.5085686617950658,-0.17255824939029563,-0.4627487595694124,0.26560577696301063,0.17357616370572043,0.435302734375,482
0.5089953485678774,-0.1620529281526688,-0.4658665865523218,0.2638529357182165,0.1734895091145313,0.50732421875,483
0.5066007651709596,-0.16825875215954358,-0.46289770262994484,0.26495228800979453,0.1744688834979121,0.400146484375,484
0.5131955212583604,-0.16343676721787231,-0.47134201389701263,0.262178660075067,0.17090074434026004,0.491943359375,485
0.5094740988236719,-0.16640056463929664,-0.46528517831948374,0.26243969535046235,0.17145426820327597,0.400390625,486
0.09545838254042668,0.04578750180123925,-0.1277056573063294,0.2854999899864197,0.24560000002384186,0.000244140625,509
0.27822695355986166,0.038067146816606355,-0.27024461640530484,0.2573199981451035,0.1790360003709793,0.006103515625,519
0.34605281960549966,0.047270513369796395,-0.34625874117058336,0.28463229911853066,0.18909565225151015,0.039306640625,520
0.3220938833195564,-0.07377208038242909,-0.34867427577130783,0.23651028111159245,0.15885700849450637,0.026123046875,523
0.3324571141305384,-0.08255386909994766,-0.3621590351697469,0.22850975685003327,0.14993170666985395,0.010009765625,524
0.3875109801452732,-0.14814133862389292,-0.38746126611423654,0.2024399995803833,0.12426000088453293,0.001220703125,525
0.6146280787638896,-0.15368541300892596,-0.5788686769332277,0.2292934081160638,0.13535588372542406,1.0,526
0.5833795265874308,-0.1523157416199596,-0.5547509029094485,0.22886287878364878,0.14106798635928627,0.9990234375,527
0.7783526910671452,-0.2623650225788069,-0.6967866277617507,0.21058305669794208,0.09922265632121707,1.0,530
0.7720996572204575,-0.2563008681311343,-0.6960780264124891,0.2139034912106581,0.10200229492875224,1.0,531
0.5112715620902876,-0.0341543163370458,-0.5043567722610575,0.25363662416842875,0.17033576543239054,0.170654296875,538
0.5048255244644733,-0.023490639667003346,-0.4962539520236735,0.2659856532912024,0.1773517046822235,0.171875,539
0.5928689813123221,-0.11606380225181319,-0.5731869882726924,0.2596522203131922,0.1601196548742193,0.296875,543
0.5903647820604787,-0.11290179658110457,-0.5748991927245463,0.26240313601910426,0.16257258059997712,0.2724609375,544
0.5698767397567267,-0.21048475316061602,-0.5426698652443084,0.21771666407585144,0.132683331767718,0.00146484375,558
0.5569856186480973,-0.2288580868627129,-0.5241918487415342,0.1915666659673055,0.11569999903440475,0.000732421875,830
0.2113902065509459,0.16564090499504,-0.36093607871254463,0.40689165049116127,0.3112505615972623,1.0,573
0.21083597241626734,0.16814954551389144,-0.36478862604148765,0.40809975555021083,0.30949050311937754,1.0,837
0.4591351084039527,-0.05567545669099508,-0.483415245075452,0.2794336001932621,0.17885744018852712,0.30517578125,578
0.4786492643839815,-0.05985154574846285,-0.5049733560892514,0.2891616686767618,0.18265212157048297,0.34521484375,579
0.38032953617924353,0.0368870799423715,-0.4693167462712776,0.3329548613939318,0.22420611830608408,0.961669921875,585
0.40916919930506424,0.015732788775067796,-0.4905636354840603,0.32187283083762575,0.2137190488980159,0.965087890625,586
0.3841639887920897,0.03327010956394104,-0.471318597022264,0.3326362157024147,0.22370467224881,0.94580078125,587
0.3985020014282388,0.01888244630120146,-0.4791054249159716,0.32044513272358593,0.21358260296420048,0.930419921875,588
0.39510611722234823,-0.006217453570782668,-0.46801164618470936,0.30742243226657245,0.20919330131194716,0.710693359375,590
0.41652734494877314,-0.01497890382784655,-0.47990358398604865,0.30092760205395835,0.20108347535994964,0.80224609375,862
0.40744575551581313,-0.015772535301795097,-0.4781526870688983,0.3118197197769515,0.20808220838499292,0.784912109375,863
0.31439924159603777,0.06987452421418967,-0.4348330964591144,0.3874315206767972,0.26614414952388127,0.947265625,592
0.34637243766082376,0.03332975630369142,-0.4447312593527568,0.36483210842708375,0.25032860880875507,0.843994140625,593
0.3140389515848245,0.07173668725223296,-0.43368941620141943,0.39106008702685724,0.2690571208859048,0.954833984375,594
0.5590651163588909,-0.12384801011576264,-0.548703050661488,0.2663049359603272,0.16216937832915695,0.26708984375,596
0.5626475542630864,-0.12522160269370472,-0.5498379650587738,0.2656752826002393,0.1609060922110724,0.280517578125,597
0.5962354570366547,-0.14261367868133898,-0.5742393759713323,0.26888788362523874,0.1590465775403003,0.310302734375,598
0.3529686127915635,0.08382010267347303,-0.43942086128067787,0.3151991441782136,0.23236948648845654,0.99853515625,603
0.34976424333520134,0.08163281397082349,-0.43850265260277377,0.3163269288730829,0.23193403925188733,0.96826171875,605
0.40004426672540294,0.014461883101977472,-0.4674990593967823,0.317453568567701,0.21743823799924178,0.831298828125,606
0.41576049183573094,0.0008149871623896655,-0.4751570151467242,0.3116054535088768,0.21231597510487213,0.82373046875,607
0.36407098070092875,0.041225781277809945,-0.43674474035671895,0.3297044554411775,0.23518540907055216,0.93701171875,617
0.35633925502692776,0.05077127102763156,-0.4345547287357428,0.33388313814132997,0.23866656246771267,0.938232421875,618
0.4550505619263883,-0.053524631480620546,-0.4854226812315817,0.28796461243568044,0.18904920547597961,0.507080078125,620
0.46571670796864323,-0.04839310198063179,-0.49850588830090004,0.29047118626021756,0.19002491883124809,0.677001953125,621
0.3491636590387114,0.010192226033042309,-0.41314820492919274,0.2786912790050119,0.18863002948898627,0.246337890625,624
0.3532171593271907,0.007316505492220183,-0.4159194766386768,0.28052439477875296,0.18968935137378395,0.252197265625,625
0.4257168612673791,-0.04954733170545437,-0.45943147221785674,0.2679428196660587,0.17426970218114177,0.27880859375,627
0.427805900839733,-0.048336331864737535,-0.46137396266668834,0.2677292389131335,0.17405302771028763,0.2822265625,628
0.6638251026437926,-0.16093922286607282,-0.5904048409606414,0.22006071650604633,0.12331339577805533,0.72900390625,626
0.6328806794242736,-0.1297038756469975,-0.5732904657465769,0.22633054943158318,0.132108779386122,0.68408203125,629
0.616953033917893,-0.19044282694780923,-0.5914797296056993,0.21203687967187942,0.12542847663310588,0.99365234375,632
0.6586897972802519,-0.2260013543291159,-0.6138509149851333,0.20196482632102594,0.11392339160778354,0.990478515625,633
0.5597078457091177,-0.14341847616518283,-0.5597893864017167,0.22513971057482038,0.14010928696755437,0.962158203125,634
0.535811158399149,-0.12602172329215314,-0.5503982337138075,0.23467708804015613,0.14663579965761567,0.102294921875,637
0.6225300951253034,-0.21772464914859974,-0.6033329538008968,0.22244285685675486,0.13074285856315068,0.001708984375,639
0.3264905466259886,0.027670797471800568,-0.3970403505523363,0.24824012702058076,0.18014968229327233,0.038330078125,641
0.31271021972469926,0.04828934304228305,-0.3981054191450224,0.2679271028142109,0.18895514009990425,0.026123046875,643
0.3499206015139011,0.01571993670574333,-0.4276560471456187,0.3034084521362157,0.20914957734246672,0.837646484375,651
0.3519251480215704,0.00894673057679384,-0.42909507002245717,0.2959841965297638,0.20482878347726516,0.8388671875,653
0.2857104249006913,0.04113740896342495,-0.26250930182433874,0.24456404045555893,0.19067174621079475,0.142578125,686
0.2961458573240978,0.033139345139576976,-0.2679816520703323,0.24126290046244006,0.1882986509340107,0.144775390625,979
0.29049172814136376,0.03949317103853432,-0.26641862348081086,0.23848304568907652,0.1823714558620334,0.2548828125,980
0.2187887108209127,0.07832612441413635,-0.2244985309581261,0.24517186478190467,0.19655229410993943,0.079833984375,981
0.3044872940561413,0.03019299113546607,-0.2793847830294267,0.23631053551632378,0.17869017858812142,0.41015625,982
0.6399940376468132,-0.22709647867933339,-0.6046552445523043,0.22249145508249057,0.13865180664652144,1.0,698
0.5867456734505488,-0.1908420231178813,-0.5625696710893633,0.23579218751910958,0.15396433099886053,1.0,699
0.5881027886751995,-0.18901231333859803,-0.5640647455626935,0.23573271480563562,0.1534733642492938,1.0,700
0.5916276535162108,-0.21697813309764044,-0.5641459559024037,0.21942019040943705,0.14065771490822954,1.0,710
0.6043217473707669,-0.22412302292576647,-0.5729535229728667,0.21921655281585117,0.1386326904030284,1.0,711
0.641846739909373,-0.24910731688130164,-0.5567261116507495,0.18098242947577098,0.09509792554191547,0.976806640625,719
0.6369601480926314,-0.2360249602866084,-0.5529914485892351,0.18281198607035143,0.09694731703080393,0.9736328125,923
0.16685911238358528,0.027119246133095465,-0.23582589293488132,0.2646550958276175,0.21655191039773308,0.07666015625,720
0.12516073269248842,0.04113327067569258,-0.21089107455579476,0.2861401385734032,0.2428960205800187,0.14111328125,919
0.15208538097212498,0.029930303657059953,-0.22216643441721706,0.26160366519193373,0.21663717286788045,0.09326171875,920
0.5137326177677555,-0.16286324357095722,-0.4526935032461431,0.26874052208162597,0.17633269245193883,0.177734375,764
0.5185642303444605,-0.17024820539124957,-0.4563396042864056,0.26977619039949285,0.17596415353436318,0.1845703125,1002
0.5053280004978395,-0.18721870815175384,-0.4409291734577572,0.23762927651747498,0.1517456946584442,0.212646484375,1003
0.1906020212589922,-0.0823303791013172,-0.13838163444930743,0.19872492680167397,0.16071462401930603,1.0,780
0.10508946982916766,-0.09999577233389167,-0.062091895314327,0.189126398169091,0.15753433447312995,0.999755859375,781
0.5768485141035855,-0.07787189239536958,-0.5500326653591127,0.31672389925191213,0.18392577814184352,0.415771484375,786
0.5501619209206325,-0.08647190485214609,-0.5426118804361275,0.320756233538815,0.19409405560022527,0.464111328125,787
0.5868093213041523,-0.10093503534198281,-0.5539814537688912,0.3115587347760398,0.18097362521211016,0.501708984375,788
0.3439694242613168,0.1429044475231824,-0.4295610252137834,0.3722266113709098,0.2790495988879369,0.943115234375,795
0.31245308124402016,0.17894699656870816,-0.41649968798649994,0.3893137563541145,0.2940689636027643,0.9423828125,796
0.25448755649806554,0.15441302986214728,-0.3143604849633828,0.2826973024423852,0.21097804266618217,0.38916015625,801
0.21285827439933416,0.18016592988587374,-0.2842404616156007,0.2592868680804525,0.19902160568061267,0.49267578125,802
0.3206220645751813,0.16059648594327897,-0.42049841431524454,0.33526596659066854,0.26254304218855395,1.0,810
0.303373702247973,0.17573129539436538,-0.407835746343029,0.339979931981361,0.2718002196670568,1.0,811
0.32681674323023724,0.005894584265858171,-0.42635543966578426,0.3432834619270252,0.23636949792302944,0.37939453125,824
0.3313256460970309,0.007765248710079179,-0.42780734890936795,0.33974011482063693,0.23448377231723558,0.510009765625,825
0.5326097832822507,-0.10721371351576557,-0.5099172691081436,0.2631931789016089,0.15982094136705827,0.35791015625,835
0.5688763922647668,-0.1334862755280034,-0.5275852087744396,0.249514484983502,0.1471445454747388,0.40283203125,836
0.39951013378476413,-0.012472936314538148,-0.4456419521194423,0.3057815366916206,0.2067378436446904,0.346435546875,842
0.4043598231019716,-0.014144352320138102,-0.45040863057783126,0.3078063712390836,0.20668164820479967,0.3525390625,843
0.428487530539155,-0.02571625687804112,-0.4682487365040917,0.309392660793151,0.20432702903606223,0.345947265625,845
0.44212169630928233,-0.04391604035456067,-0.4727494298648475,0.29653012577068,0.19504949189076792,0.408447265625,846
0.4293057152568531,-0.03878004538345507,-0.4642686786986993,0.28240100745176056,0.18774414593943764,0.5087890625,849
0.4185342793674866,-0.02908485523506968,-0.45626965035446143,0.28745609846152265,0.19136926396672346,0.454345703125,850
0.30131542302780134,0.019972156623055074,-0.38980137139968873,0.30640561799152516,0.20977034952058998,0.39111328125,860
0.3186751140446808,0.021721990079891,-0.40969731390404285,0.3340541510060714,0.22797767175468153,0.51171875,861
0.55358379276599,-0.16711676878990492,-0.5156583915060196,0.25316246320020974,0.148431822624553,0.247802734375,865
0.5781170020000859,-0.17953609799553344,-0.527255841944168,0.23936669555047285,0.1382583477024151,0.28076171875,866
0.47676859174210273,-0.06593933230294372,-0.4958553175262723,0.29538400665000203,0.1881973955487966,0.731201171875,868
0.509914599423909,-0.08738562036617836,-0.5128577252190186,0.2811607645412795,0.1756083664201869,0.677001953125,869
0.762690658785558,-0.24047858778015704,-0.6400767291161436,0.195319653338629,0.09542958984775396,1.0,890
0.7622043643569951,-0.23945629808415275,-0.6399195207100743,0.19575998522032023,0.09572983402586033,1.0,891
0.6048330921218421,-0.19056605951437147,-0.5745897450268795,0.2421174335970207,0.14572928844843283,0.175048828125,893
0.5981630230779814,-0.19891607596666594,-0.5656107198549897,0.2451904638672045,0.1474362743981913,0.27392578125,894
0.29120668984349213,-0.05056576686292927,-0.3322824583387731,0.28894643551757326,0.21863425300580275,1.0,895
0.30676081584989395,-0.06070487659169212,-0.34473509432817684,0.2873834960446402,0.2154194337053923,1.0,896
0.30180805990006004,-0.056393371023341986,-0.3401943759563061,0.2882781250482367,0.2165648438185599,1.0,897
0.3834152116589903,-0.06508042882971002,-0.42815107799145447,0.30637209468295623,0.21026249986425682,1.0,899
0.3846406446962236,-0.0660465423873562,-0.42735875881898777,0.2889187255059369,0.20143073728650052,1.0,900
0.44187176546848606,-0.08986552448317336,-0.4769004850906706,0.2923512695142563,0.18803288579238142,1.0,901
0.45727862211975157,-0.15242074473281925,-0.4504962239256237,0.24571894532437,0.16999125973688933,1.0,902
0.4736926515405436,-0.16500656521137647,-0.4670535368520963,0.25054042987721914,0.17257663557120395,1.0,903
0.4774503159331978,-0.16701873241762114,-0.4677671244013652,0.2457069825304643,0.16859006338381732,1.0,924
0.4783380063251921,-0.16796680613457635,-0.46845432935209225,0.24483620586488541,0.16787373036095232,1.0,1034
0.4565088528643212,-0.1528202121517617,-0.45048297638009976,0.2463248046587978,0.17077268074444873,1.0,1035
0.6070303067500189,-0.19064075247318563,-0.539558565437334,0.15429450673764222,0.09114519038530489,1.0,917
0.627642151953089,-0.20291583514746625,-0.558196883358832,0.150110595634942,0.08738107904764547,1.0,918
0.39423921196560674,-0.11059899992079336,-0.3323746231944993,0.17715684965486064,0.11768640327903362,0.95166015625,958
0.35681657567580616,-0.09464632138612593,-0.3035445162930023,0.16992995556007817,0.1193388834496272,0.99267578125,959
0.36268179810852935,-0.10155113576371638,-0.30825882566648244,0.1692658524849267,0.11793148509100713,0.99951171875,961
0.32737239276084296,-0.06956715425447996,-0.2819025804239585,0.17620540945039642,0.12637042178709992,0.98388671875,962
0.33133337764497933,-0.06448137595012912,-0.2864497033868737,0.17534770418192427,0.12769275270199015,0.983642578125,963
0.28375431997738965,-0.058709770656207166,-0.24633436143170426,0.17228555898749745,0.1283547040915939,0.96533203125,964
0.35026443871394647,-0.005949735564411295,-0.31002488354718544,0.1914153637101169,0.14422367203161748,0.896240234375,965
0.28905264950167153,-0.026472134823025635,-0.2531879948078962,0.17996001807636464,0.13678923223936404,0.81396484375,966
0.2950764806376744,-0.002533746251345696,-0.26314443601436954,0.1842530512795588,0.14261131559215012,0.796142578125,967
0.4500097693798061,-0.05734298101871892,-0.36728415705810596,0.17713985447979466,0.12240996358117887,0.53662109375,968
0.46295619820340905,-0.08654947971217401,-0.3703767510650018,0.161412825123945,0.10125202661029728,0.403564453125,969
0.22513266648346109,-0.0053574135724971895,-0.14358585725634912,0.1968082195343492,0.13874931529708648,0.053466796875,989
0.23652386797045538,-0.004726986311643247,-0.15526796244218993,0.20452884663469517,0.14373894250736788,0.05078125,990
-0.05069160983423093,-0.0037370647111675996,0.07177616842661609,0.08128721242240596,0.07204215498602166,0.93359375,1011
-0.052004345246001366,-0.0018058621931713841,0.07182651543648258,0.08357978660738599,0.07467415923780411,0.7548828125,1012
0.3740527208203404,0.058887605003262344,-0.44236609122174525,0.35908849521255304,0.2532536630672581,0.9931640625,1021
0.3775555217068172,0.05977450447628971,-0.44474658684044294,0.3587895173569418,0.2535651481842443,0.996826171875,1022
0.3690701384209723,0.07277021781769576,-0.4389774523827193,0.36267619610134716,0.25737248533869206,1.0,1023
0.4178111262029413,-0.025078038958357682,-0.4390103088036658,0.2626618709129476,0.19329396686705513,0.99951171875,1028
0.4245468596454059,-0.03876215250674161,-0.44302503618908806,0.2621880255053266,0.19370303022878232,0.9990234375,1029
-0.041962035505802874,0.058649717317456114,0.07351299919873658,0.03763290162980684,0.035281496041890785,0.998779296875,1030
-0.04162228781435391,0.05950744028685588,0.0726947563058674,0.03739880207666449,0.03501271400919462,0.99853515625,1031
